,rxn_id,rxn_smiles,G_r,DG_TS
0,0,[CH4:1].[CH3:2][O:3]>>[CH3:1].[CH3:2][OH:3],3.1,18.8
1,1,[CH3:1][CH2:2][CH:3]([CH3:4])[CH2:5][CH3:6].[CH3:7][O:8]>>[CH2:1][CH2:2][CH:3]([CH3:4])[CH2:5][CH3:6].[CH3:7][OH:8],-2.3,16.2
2,2,[CH3:1][CH2:2][CH:3]([CH3:4])[CH2:5][CH3:6].[CH3:7][O:8]>>[CH3:1][CH:2][CH:3]([CH3:4])[CH2:5][CH3:6].[CH3:7][OH:8],-6.1,14.6
3,3,[CH3:1][CH2:2][CH:3]([CH3:4])[CH2:5][CH3:6].[CH3:7][O:8]>>[CH3:1][CH2:2][C:3]([CH3:4])[CH2:5][CH3:6].[CH3:7][OH:8],-8.1,11.9
4,4,[CH3:1][CH2:2][CH:3]([CH3:4])[CH2:5][CH3:6].[CH3:7][O:8]>>[CH3:1][CH2:2][CH:3]([CH2:4])[CH2:5][CH3:6].[CH3:7][OH:8],-2.4,17.1
5,5,[CH3:1][CH2:2][CH2:3][CH2:4][O:5][C:6]([CH3:7])=[O:8].[CH3:9][O:10]>>[CH3:1][CH2:2][CH2:3][CH:4][O:5][C:6]([CH3:7])=[O:8].[CH3:9][OH:10],-4.6,15.9
6,6,[CH3:1][CH2:2][CH2:3][CH2:4][O:5][C:6]([CH3:7])=[O:8].[CH3:9][O:10]>>[CH3:1][CH2:2][CH:3][CH2:4][O:5][C:6]([CH3:7])=[O:8].[CH3:9][OH:10],-4.5,16.0
7,7,[CH3:1][CH2:2][CH2:3][CH2:4][O:5][C:6]([CH3:7])=[O:8].[CH3:9][O:10]>>[CH3:1][CH:2][CH2:3][CH2:4][O:5][C:6]([CH3:7])=[O:8].[CH3:9][OH:10],-5.6,14.8
8,8,[CH3:1][CH2:2][CH2:3][CH2:4][O:5][C:6]([CH3:7])=[O:8].[CH3:9][O:10]>>[CH2:1][CH2:2][CH2:3][CH2:4][O:5][C:6]([CH3:7])=[O:8].[CH3:9][OH:10],-1.1,17.1
9,9,[CH3:1][CH2:2][CH2:3][CH2:4][O:5][CH2:6][CH3:7].[CH3:8][O:9]>>[CH3:1][CH2:2][CH2:3][CH:4][O:5][CH2:6][CH3:7].[CH3:8][OH:9],-8.4,12.1
10,10,[CH2:1]=[CH:2][CH3:3].[CH3:4][O:5]>>[CH2:1]=[CH:2][CH2:3].[CH3:4][OH:5],-15.3,14.1
11,11,[CH2:1]=[CH:2][CH2:3][CH3:4].[CH3:5][O:6]>>[CH2:1]=[CH:2][CH:3][CH3:4].[CH3:5][OH:6],-19.5,12.7
12,12,[CH2:1]=[CH:2][CH:3]([CH3:4])[CH3:5].[CH3:6][O:7]>>[CH2:1]=[CH:2][C:3]([CH3:4])[CH3:5].[CH3:6][OH:7],-21.6,12.0
13,13,[CH3:1][c:2]1[cH:3][cH:4][cH:5][cH:6][cH:7]1.[CH3:8][O:9]>>[CH2:1][c:2]1[cH:3][cH:4][cH:5][cH:6][cH:7]1.[CH3:8][OH:9],-11.3,16.0
14,14,[CH3:1][CH2:2][c:3]1[cH:4][cH:5][cH:6][cH:7][cH:8]1.[CH3:9][O:10]>>[CH3:1][CH:2][c:3]1[cH:4][cH:5][cH:6][cH:7][cH:8]1.[CH3:9][OH:10],-16.1,12.2
15,15,[CH3:1][CH:2]([CH3:3])[c:4]1[cH:5][cH:6][cH:7][cH:8][cH:9]1.[CH3:10][O:11]>>[CH3:1][C:2]([CH3:3])[c:4]1[cH:5][cH:6][cH:7][cH:8][cH:9]1.[CH3:10][OH:11],-17.0,12.9
16,16,[CH2:1]=[C:2]([CH3:3])[CH2:4][CH2:5][CH2:6][CH2:7][CH3:8].[CH3:9][O:10]>>[CH2:1]=[C:2]([CH2:3])[CH2:4][CH2:5][CH2:6][CH2:7][CH3:8].[CH3:9][OH:10],-14.7,14.8
17,17,[CH3:1][CH2:2][C:3]([CH3:4])=[O:5].[CH3:6][O:7]>>[CH3:1][CH2:2][C:3]([CH2:4])=[O:5].[CH3:6][OH:7],-6.4,17.7
18,18,[CH3:1][CH2:2][C:3]([CH3:4])=[O:5].[CH3:6][O:7]>>[CH3:1][CH:2][C:3]([CH3:4])=[O:5].[CH3:6][OH:7],-11.0,16.6
19,19,[CH3:1][CH2:2][CH2:3][CH2:4][CH2:5][C:6]([CH3:7])=[O:8].[CH3:9][O:10]>>[CH3:1][CH2:2][CH2:3][CH2:4][CH2:5][C:6]([CH2:7])=[O:8].[CH3:9][OH:10],-6.6,17.6
20,20,[CH3:1][CH2:2][CH2:3][CH2:4][O:5][C:6]([CH3:7])=[O:8].[CH3:9][O:10]>>[CH3:1][CH2:2][CH2:3][CH2:4][O:5][C:6]([CH2:7])=[O:8].[CH3:9][OH:10],-2.9,20.3
21,21,[CH3:1][C:2]#[N:3].[CH3:4][O:5]>>[CH2:1][C:2]#[N:3].[CH3:4][OH:5],-5.1,19.3
22,22,[CH3:1][CH2:2][C:3]#[N:4].[CH3:5][O:6]>>[CH3:1][CH:2][C:3]#[N:4].[CH3:5][OH:6],-11.4,16.5
23,23,[CH3:1][CH:2]([CH3:3])[C:4]#[N:5].[CH3:6][O:7]>>[CH3:1][C:2]([CH3:3])[C:4]#[N:5].[CH3:6][OH:7],-16.3,14.4
24,24,[CH3:1][CH3:2].[CH3:3][O:4]>>[CH2:1][CH3:2].[CH3:3][OH:4],-2.4,16.6
25,25,[CH3:1][CH2:2][CH3:3].[CH3:4][O:5]>>[CH3:1][CH:2][CH3:3].[CH3:4][OH:5],-6.3,14.0
26,26,[CH3:1][CH2:2][CH3:3].[CH3:4][O:5]>>[CH2:1][CH2:2][CH3:3].[CH3:4][OH:5],-1.5,17.0
27,27,[CH3:1][CH2:2][c:3]1[cH:4][cH:5][cH:6][cH:7][cH:8]1.[CH3:9][O:10]>>[CH2:1][CH2:2][c:3]1[cH:4][cH:5][cH:6][cH:7][cH:8]1.[CH3:9][OH:10],-1.5,17.2
28,28,[CH3:1][CH2:2][O:3][C:4](=[O:5])[c:6]1[cH:7][cH:8][cH:9][cH:10][cH:11]1.[CH3:12][O:13]>>[CH2:1][CH2:2][O:3][C:4](=[O:5])[c:6]1[cH:7][cH:8][cH:9][cH:10][cH:11]1.[CH3:12][OH:13],1.2,18.7
29,29,[CH3:1][CH2:2][O:3][C:4](=[O:5])[c:6]1[cH:7][cH:8][cH:9][cH:10][cH:11]1.[CH3:12][O:13]>>[CH3:1][CH:2][O:3][C:4](=[O:5])[c:6]1[cH:7][cH:8][cH:9][cH:10][cH:11]1.[CH3:12][OH:13],-5.2,14.4
30,30,[CH3:1][CH2:2][O:3][C:4](=[O:5])[CH2:6][c:7]1[cH:8][cH:9][cH:10][cH:11][cH:12]1.[CH3:13][O:14]>>[CH3:1][CH2:2][O:3][C:4](=[O:5])[CH:6][c:7]1[cH:8][cH:9][cH:10][cH:11][cH:12]1.[CH3:13][OH:14],-15.1,16.2
31,31,[CH3:1][O:2][CH2:3][c:4]1[cH:5][cH:6][cH:7][cH:8][cH:9]1.[CH3:10][O:11]>>[CH3:1][O:2][CH:3][c:4]1[cH:5][cH:6][cH:7][cH:8][cH:9]1.[CH3:10][OH:11],-20.3,12.0
32,32,[CH3:1][O:2][CH2:3][c:4]1[cH:5][cH:6][cH:7][cH:8][cH:9]1.[CH3:10][O:11]>>[CH2:1][O:2][CH2:3][c:4]1[cH:5][cH:6][cH:7][cH:8][cH:9]1.[CH3:10][OH:11],-7.5,14.9
33,33,[CH3:1][NH:2][C:3](=[O:4])[c:5]1[cH:6][cH:7][cH:8][cH:9][cH:10]1.[CH3:11][O:12]>>[CH2:1][NH:2][C:3](=[O:4])[c:5]1[cH:6][cH:7][cH:8][cH:9][cH:10]1.[CH3:11][OH:12],-9.9,14.2
34,34,[CH3:1][C:2](=[O:3])[NH:4][c:5]1[cH:6][cH:7][cH:8][cH:9][cH:10]1.[CH3:11][O:12]>>[CH2:1][C:2](=[O:3])[NH:4][c:5]1[cH:6][cH:7][cH:8][cH:9][cH:10]1.[CH3:11][OH:12],-5.2,18.1
35,35,[CH3:1][NH:2][C:3]([CH3:4])=[O:5].[CH3:6][O:7]>>[CH2:1][NH:2][C:3]([CH3:4])=[O:5].[CH3:6][OH:7],-8.6,12.6
36,36,[CH3:1][NH:2][C:3]([CH3:4])=[O:5].[CH3:6][O:7]>>[CH3:1][NH:2][C:3]([CH2:4])=[O:5].[CH3:6][OH:7],-3.7,18.4
37,37,[CH3:1][CH2:2][S:3][CH2:4][CH3:5].[CH3:6][O:7]>>[CH3:1][CH:2][S:3][CH2:4][CH3:5].[CH3:6][OH:7],-9.8,13.1
38,38,[CH2:1]1[CH2:2][CH2:3][CH2:4][CH2:5]1.[CH3:6][O:7]>>[CH:1]1[CH2:2][CH2:3][CH2:4][CH2:5]1.[CH3:6][OH:7],-7.9,13.4
39,39,[CH3:1][CH:2]1[CH2:3][CH2:4][CH2:5][CH2:6]1.[CH3:7][O:8]>>[CH3:1][C:2]1[CH2:3][CH2:4][CH2:5][CH2:6]1.[CH3:7][OH:8],-5.7,14.7
40,40,[CH3:1][CH:2]1[CH2:3][CH2:4][CH2:5][CH2:6][CH2:7]1.[CH3:8][O:9]>>[CH3:1][C:2]1[CH2:3][CH2:4][CH2:5][CH2:6][CH2:7]1.[CH3:8][OH:9],-8.6,12.2
41,41,[CH3:1][C:2]([CH3:3])([CH3:4])[CH:5]1[CH2:6][CH2:7][CH2:8][CH2:9][CH2:10]1.[CH3:11][O:12]>>[CH3:1][C:2]([CH3:3])([CH3:4])[C:5]1[CH2:6][CH2:7][CH2:8][CH2:9][CH2:10]1.[CH3:11][OH:12],-8.2,14.0
42,42,[CH3:1][C@H:2]1[CH2:3][CH2:4][CH2:5][CH2:6][C@@H:7]1[CH3:8].[CH3:9][O:10]>>[CH3:1][C:2]1[CH2:3][CH2:4][CH2:5][CH2:6][C@@H:7]1[CH3:8].[CH3:9][OH:10],-8.2,12.0
43,43,[CH3:1][C@H:2]1[CH2:3][CH2:4][CH2:5][CH2:6][C@H:7]1[CH3:8].[CH3:9][O:10]>>[CH3:1][C:2]1[CH2:3][CH2:4][CH2:5][CH2:6][C@@H:7]1[CH3:8].[CH3:9][OH:10],-9.3,12.1
44,44,[CH3:1][C@H:2]1[CH2:3][CH2:4][C@H:5]([CH3:6])[CH2:7][CH2:8]1.[CH3:9][O:10]>>[CH3:1][C:2]1[CH2:3][CH2:4][CH:5]([CH3:6])[CH2:7][CH2:8]1.[CH3:9][OH:10],-8.8,12.7
45,45,[CH3:1][C@H:2]1[CH2:3][CH2:4][C@@H:5]([CH3:6])[CH2:7][CH2:8]1.[CH3:9][O:10]>>[CH3:1][C:2]1[CH2:3][CH2:4][CH:5]([CH3:6])[CH2:7][CH2:8]1.[CH3:9][OH:10],-10.5,12.0
46,46,[NH2:1][CH2:2][CH2:3][CH2:4][NH2:5].[CH3:6][O:7]>>[NH2:1][CH:2][CH2:3][CH2:4][NH2:5].[CH3:6][OH:7],-12.7,11.3
47,47,[CH3:1][N:2]([CH3:3])[CH:4]=[O:5].[CH3:6][O:7]>>[CH2:1][N:2]([CH3:3])[CH:4]=[O:5].[CH3:6][OH:7],-9.3,14.5
48,48,[CH3:1][C:2](=[O:3])[N:4]([CH3:5])[CH3:6].[CH3:7][O:8]>>[CH3:1][C:2](=[O:3])[N:4]([CH2:5])[CH3:6].[CH3:7][OH:8],-9.8,14.4
49,49,[CH3:1][CH2:2][N:3]([CH:4]=[O:5])[CH2:6][CH3:7].[CH3:8][O:9]>>[CH3:1][CH:2][N:3]([CH:4]=[O:5])[CH2:6][CH3:7].[CH3:8][OH:9],-11.8,12.7
50,50,[CH3:1][CH2:2][N:3]([CH2:4][CH3:5])[C:6]([CH3:7])=[O:8].[CH3:9][O:10]>>[CH3:1][CH:2][N:3]([CH2:4][CH3:5])[C:6]([CH3:7])=[O:8].[CH3:9][OH:10],-12.1,13.3
51,51,[CH3:1][CH2:2][C:3](=[O:4])[N:5]([CH3:6])[CH3:7].[CH3:8][O:9]>>[CH3:1][CH2:2][C:3](=[O:4])[N:5]([CH2:6])[CH3:7].[CH3:8][OH:9],-10.7,13.4
52,52,[CH3:1][CH:2]([CH3:3])[C:4](=[O:5])[N:6]([CH3:7])[CH3:8].[CH3:9][O:10]>>[CH3:1][CH:2]([CH3:3])[C:4](=[O:5])[N:6]([CH2:7])[CH3:8].[CH3:9][OH:10],-10.4,13.2
53,53,[CH3:1][N:2]([CH3:3])[C:4](=[O:5])[C:6]([CH3:7])([CH3:8])[CH3:9].[CH3:10][O:11]>>[CH2:1][N:2]([CH3:3])[C:4](=[O:5])[C:6]([CH3:7])([CH3:8])[CH3:9].[CH3:10][OH:11],-9.7,13.8
54,54,[CH3:1][N:2]([CH3:3])[C:4](=[O:5])[CH2:6][C:7]([CH3:8])([CH3:9])[CH3:10].[CH3:11][O:12]>>[CH2:1][N:2]([CH3:3])[C:4](=[O:5])[CH2:6][C:7]([CH3:8])([CH3:9])[CH3:10].[CH3:11][OH:12],-10.8,13.9
55,55,[CH2:1]1[CH2:2][CH2:3][CH2:4][CH2:5][CH2:6][CH2:7][CH2:8]1.[CH3:9][O:10]>>[CH:1]1[CH2:2][CH2:3][CH2:4][CH2:5][CH2:6][CH2:7][CH2:8]1.[CH3:9][OH:10],-9.0,13.2
56,56,[CH3:1][CH2:2][N:3]([CH3:4])[C:5]([CH3:6])=[O:7].[CH3:8][O:9]>>[CH2:1][CH2:2][N:3]([CH3:4])[C:5]([CH3:6])=[O:7].[CH3:8][OH:9],-9.2,14.6
57,57,[CH3:1][CH2:2][CH2:3][CH2:4][CH2:5][NH2:6].[CH3:7][O:8]>>[CH3:1][CH2:2][CH2:3][CH2:4][CH:5][NH2:6].[CH3:7][OH:8],-11.4,11.7
58,58,[NH2:1][CH2:2][CH2:3][CH2:4][CH2:5][OH:6].[CH3:7][O:8]>>[NH2:1][CH:2][CH2:3][CH2:4][CH2:5][OH:6].[CH3:7][OH:8],-11.4,12.0
59,59,[CH2:1]1[CH2:2][CH2:3][O:4][CH2:5]1.[CH3:6][O:7]>>[CH2:1]1[CH2:2][CH2:3][O:4][CH:5]1.[CH3:6][OH:7],-9.1,12.0
60,60,[CH4:1].[O:2][CH2:3][C:4]([F:5])([F:6])[F:7]>>[CH3:1].[OH:2][CH2:3][C:4]([F:5])([F:6])[F:7],1.1,18.0
61,61,[CH3:1][CH2:2][CH:3]([CH3:4])[CH2:5][CH3:6].[O:7][CH2:8][C:9]([F:10])([F:11])[F:12]>>[CH2:1][CH2:2][CH:3]([CH3:4])[CH2:5][CH3:6].[OH:7][CH2:8][C:9]([F:10])([F:11])[F:12],-4.4,14.4
62,62,[CH3:1][CH2:2][CH:3]([CH3:4])[CH2:5][CH3:6].[O:7][CH2:8][C:9]([F:10])([F:11])[F:12]>>[CH3:1][CH:2][CH:3]([CH3:4])[CH2:5][CH3:6].[OH:7][CH2:8][C:9]([F:10])([F:11])[F:12],-8.2,12.6
63,63,[CH3:1][CH2:2][CH:3]([CH3:4])[CH2:5][CH3:6].[O:7][CH2:8][C:9]([F:10])([F:11])[F:12]>>[CH3:1][CH2:2][C:3]([CH3:4])[CH2:5][CH3:6].[OH:7][CH2:8][C:9]([F:10])([F:11])[F:12],-10.2,11.4
64,64,[CH3:1][CH2:2][CH:3]([CH3:4])[CH2:5][CH3:6].[O:7][CH2:8][C:9]([F:10])([F:11])[F:12]>>[CH3:1][CH2:2][CH:3]([CH2:4])[CH2:5][CH3:6].[OH:7][CH2:8][C:9]([F:10])([F:11])[F:12],-4.5,15.2
65,65,[CH3:1][CH2:2][CH2:3][CH2:4][O:5][C:6]([CH3:7])=[O:8].[O:9][CH2:10][C:11]([F:12])([F:13])[F:14]>>[CH3:1][CH2:2][CH2:3][CH:4][O:5][C:6]([CH3:7])=[O:8].[OH:9][CH2:10][C:11]([F:12])([F:13])[F:14],-6.7,14.5
66,66,[CH3:1][CH2:2][CH2:3][CH2:4][O:5][C:6]([CH3:7])=[O:8].[O:9][CH2:10][C:11]([F:12])([F:13])[F:14]>>[CH3:1][CH2:2][CH:3][CH2:4][O:5][C:6]([CH3:7])=[O:8].[OH:9][CH2:10][C:11]([F:12])([F:13])[F:14],-6.6,13.9
67,67,[CH3:1][CH2:2][CH2:3][CH2:4][O:5][C:6]([CH3:7])=[O:8].[O:9][CH2:10][C:11]([F:12])([F:13])[F:14]>>[CH3:1][CH:2][CH2:3][CH2:4][O:5][C:6]([CH3:7])=[O:8].[OH:9][CH2:10][C:11]([F:12])([F:13])[F:14],-7.7,13.1
68,68,[CH3:1][CH2:2][CH2:3][CH2:4][O:5][C:6]([CH3:7])=[O:8].[O:9][CH2:10][C:11]([F:12])([F:13])[F:14]>>[CH2:1][CH2:2][CH2:3][CH2:4][O:5][C:6]([CH3:7])=[O:8].[OH:9][CH2:10][C:11]([F:12])([F:13])[F:14],-3.2,15.9
69,69,[CH3:1][CH2:2][CH2:3][CH2:4][O:5][CH2:6][CH3:7].[O:8][CH2:9][C:10]([F:11])([F:12])[F:13]>>[CH3:1][CH2:2][CH2:3][CH:4][O:5][CH2:6][CH3:7].[OH:8][CH2:9][C:10]([F:11])([F:12])[F:13],-10.5,9.8
70,70,[CH2:1]=[CH:2][CH3:3].[O:4][CH2:5][C:6]([F:7])([F:8])[F:9]>>[CH2:1]=[CH:2][CH2:3].[OH:4][CH2:5][C:6]([F:7])([F:8])[F:9],-17.4,12.3
71,71,[CH2:1]=[CH:2][CH2:3][CH3:4].[O:5][CH2:6][C:7]([F:8])([F:9])[F:10]>>[CH2:1]=[CH:2][CH:3][CH3:4].[OH:5][CH2:6][C:7]([F:8])([F:9])[F:10],-21.5,10.7
72,72,[CH2:1]=[CH:2][CH:3]([CH3:4])[CH3:5].[O:6][CH2:7][C:8]([F:9])([F:10])[F:11]>>[CH2:1]=[CH:2][C:3]([CH3:4])[CH3:5].[OH:6][CH2:7][C:8]([F:9])([F:10])[F:11],-23.7,11.4
73,73,[CH3:1][c:2]1[cH:3][cH:4][cH:5][cH:6][cH:7]1.[O:8][CH2:9][C:10]([F:11])([F:12])[F:13]>>[CH2:1][c:2]1[cH:3][cH:4][cH:5][cH:6][cH:7]1.[OH:8][CH2:9][C:10]([F:11])([F:12])[F:13],-13.4,12.3
74,74,[CH3:1][CH2:2][c:3]1[cH:4][cH:5][cH:6][cH:7][cH:8]1.[O:9][CH2:10][C:11]([F:12])([F:13])[F:14]>>[CH3:1][CH:2][c:3]1[cH:4][cH:5][cH:6][cH:7][cH:8]1.[OH:9][CH2:10][C:11]([F:12])([F:13])[F:14],-18.2,10.5
75,75,[CH3:1][CH:2]([CH3:3])[c:4]1[cH:5][cH:6][cH:7][cH:8][cH:9]1.[O:10][CH2:11][C:12]([F:13])([F:14])[F:15]>>[CH3:1][C:2]([CH3:3])[c:4]1[cH:5][cH:6][cH:7][cH:8][cH:9]1.[OH:10][CH2:11][C:12]([F:13])([F:14])[F:15],-19.1,12.2
76,76,[CH2:1]=[C:2]([CH3:3])[CH2:4][CH2:5][CH2:6][CH2:7][CH3:8].[O:9][CH2:10][C:11]([F:12])([F:13])[F:14]>>[CH2:1]=[C:2]([CH2:3])[CH2:4][CH2:5][CH2:6][CH2:7][CH3:8].[OH:9][CH2:10][C:11]([F:12])([F:13])[F:14],-16.8,12.4
77,77,[CH3:1][CH2:2][C:3]([CH3:4])=[O:5].[O:6][CH2:7][C:8]([F:9])([F:10])[F:11]>>[CH3:1][CH2:2][C:3]([CH2:4])=[O:5].[OH:6][CH2:7][C:8]([F:9])([F:10])[F:11],-8.4,18.0
78,78,[CH3:1][CH2:2][C:3]([CH3:4])=[O:5].[O:6][CH2:7][C:8]([F:9])([F:10])[F:11]>>[CH3:1][CH:2][C:3]([CH3:4])=[O:5].[OH:6][CH2:7][C:8]([F:9])([F:10])[F:11],-13.1,15.8
79,79,[CH3:1][CH2:2][CH2:3][CH2:4][CH2:5][C:6]([CH3:7])=[O:8].[O:9][CH2:10][C:11]([F:12])([F:13])[F:14]>>[CH3:1][CH2:2][CH2:3][CH2:4][CH2:5][C:6]([CH2:7])=[O:8].[OH:9][CH2:10][C:11]([F:12])([F:13])[F:14],-8.7,18.0
80,80,[CH3:1][CH2:2][CH2:3][CH2:4][O:5][C:6]([CH3:7])=[O:8].[O:9][CH2:10][C:11]([F:12])([F:13])[F:14]>>[CH3:1][CH2:2][CH2:3][CH2:4][O:5][C:6]([CH2:7])=[O:8].[OH:9][CH2:10][C:11]([F:12])([F:13])[F:14],-5.0,19.3
81,81,[CH3:1][C:2]#[N:3].[O:4][CH2:5][C:6]([F:7])([F:8])[F:9]>>[CH2:1][C:2]#[N:3].[OH:4][CH2:5][C:6]([F:7])([F:8])[F:9],-7.2,20.1
82,82,[CH3:1][CH2:2][C:3]#[N:4].[O:5][CH2:6][C:7]([F:8])([F:9])[F:10]>>[CH3:1][CH:2][C:3]#[N:4].[OH:5][CH2:6][C:7]([F:8])([F:9])[F:10],-13.5,16.9
83,83,[CH3:1][CH:2]([CH3:3])[C:4]#[N:5].[O:6][CH2:7][C:8]([F:9])([F:10])[F:11]>>[CH3:1][C:2]([CH3:3])[C:4]#[N:5].[OH:6][CH2:7][C:8]([F:9])([F:10])[F:11],-18.4,14.9
84,84,[CH3:1][CH3:2].[O:3][CH2:4][C:5]([F:6])([F:7])[F:8]>>[CH2:1][CH3:2].[OH:3][CH2:4][C:5]([F:6])([F:7])[F:8],-4.4,14.3
85,85,[CH3:1][CH2:2][CH3:3].[O:4][CH2:5][C:6]([F:7])([F:8])[F:9]>>[CH3:1][CH:2][CH3:3].[OH:4][CH2:5][C:6]([F:7])([F:8])[F:9],-8.3,11.8
86,86,[CH3:1][CH2:2][CH3:3].[O:4][CH2:5][C:6]([F:7])([F:8])[F:9]>>[CH2:1][CH2:2][CH3:3].[OH:4][CH2:5][C:6]([F:7])([F:8])[F:9],-3.6,14.8
87,87,[CH3:1][CH2:2][c:3]1[cH:4][cH:5][cH:6][cH:7][cH:8]1.[O:9][CH2:10][C:11]([F:12])([F:13])[F:14]>>[CH2:1][CH2:2][c:3]1[cH:4][cH:5][cH:6][cH:7][cH:8]1.[OH:9][CH2:10][C:11]([F:12])([F:13])[F:14],-3.5,15.0
88,88,[CH3:1][CH2:2][O:3][C:4](=[O:5])[c:6]1[cH:7][cH:8][cH:9][cH:10][cH:11]1.[O:12][CH2:13][C:14]([F:15])([F:16])[F:17]>>[CH2:1][CH2:2][O:3][C:4](=[O:5])[c:6]1[cH:7][cH:8][cH:9][cH:10][cH:11]1.[OH:12][CH2:13][C:14]([F:15])([F:16])[F:17],-0.9,16.8
89,89,[CH3:1][CH2:2][O:3][C:4](=[O:5])[c:6]1[cH:7][cH:8][cH:9][cH:10][cH:11]1.[O:12][CH2:13][C:14]([F:15])([F:16])[F:17]>>[CH3:1][CH:2][O:3][C:4](=[O:5])[c:6]1[cH:7][cH:8][cH:9][cH:10][cH:11]1.[OH:12][CH2:13][C:14]([F:15])([F:16])[F:17],-7.2,13.0
90,90,[CH3:1][CH2:2][O:3][C:4](=[O:5])[CH2:6][c:7]1[cH:8][cH:9][cH:10][cH:11][cH:12]1.[O:13][CH2:14][C:15]([F:16])([F:17])[F:18]>>[CH3:1][CH2:2][O:3][C:4](=[O:5])[CH:6][c:7]1[cH:8][cH:9][cH:10][cH:11][cH:12]1.[OH:13][CH2:14][C:15]([F:16])([F:17])[F:18],-17.1,13.2
91,91,[CH3:1][O:2][CH2:3][c:4]1[cH:5][cH:6][cH:7][cH:8][cH:9]1.[O:10][CH2:11][C:12]([F:13])([F:14])[F:15]>>[CH3:1][O:2][CH:3][c:4]1[cH:5][cH:6][cH:7][cH:8][cH:9]1.[OH:10][CH2:11][C:12]([F:13])([F:14])[F:15],-22.4,8.7
92,92,[CH3:1][O:2][CH2:3][c:4]1[cH:5][cH:6][cH:7][cH:8][cH:9]1.[O:10][CH2:11][C:12]([F:13])([F:14])[F:15]>>[CH2:1][O:2][CH2:3][c:4]1[cH:5][cH:6][cH:7][cH:8][cH:9]1.[OH:10][CH2:11][C:12]([F:13])([F:14])[F:15],-9.6,13.5
93,93,[CH3:1][NH:2][C:3](=[O:4])[c:5]1[cH:6][cH:7][cH:8][cH:9][cH:10]1.[O:11][CH2:12][C:13]([F:14])([F:15])[F:16]>>[CH2:1][NH:2][C:3](=[O:4])[c:5]1[cH:6][cH:7][cH:8][cH:9][cH:10]1.[OH:11][CH2:12][C:13]([F:14])([F:15])[F:16],-12.0,12.2
94,94,[CH3:1][C:2](=[O:3])[NH:4][c:5]1[cH:6][cH:7][cH:8][cH:9][cH:10]1.[O:11][CH2:12][C:13]([F:14])([F:15])[F:16]>>[CH2:1][C:2](=[O:3])[NH:4][c:5]1[cH:6][cH:7][cH:8][cH:9][cH:10]1.[OH:11][CH2:12][C:13]([F:14])([F:15])[F:16],-7.2,16.0
95,95,[CH3:1][NH:2][C:3]([CH3:4])=[O:5].[O:6][CH2:7][C:8]([F:9])([F:10])[F:11]>>[CH2:1][NH:2][C:3]([CH3:4])=[O:5].[OH:6][CH2:7][C:8]([F:9])([F:10])[F:11],-10.7,12.4
96,96,[CH3:1][NH:2][C:3]([CH3:4])=[O:5].[O:6][CH2:7][C:8]([F:9])([F:10])[F:11]>>[CH3:1][NH:2][C:3]([CH2:4])=[O:5].[OH:6][CH2:7][C:8]([F:9])([F:10])[F:11],-5.8,18.7
97,97,[CH3:1][CH2:2][S:3][CH2:4][CH3:5].[O:6][CH2:7][C:8]([F:9])([F:10])[F:11]>>[CH3:1][CH:2][S:3][CH2:4][CH3:5].[OH:6][CH2:7][C:8]([F:9])([F:10])[F:11],-11.9,11.5
98,98,[CH2:1]1[CH2:2][CH2:3][CH2:4][CH2:5]1.[O:6][CH2:7][C:8]([F:9])([F:10])[F:11]>>[CH:1]1[CH2:2][CH2:3][CH2:4][CH2:5]1.[OH:6][CH2:7][C:8]([F:9])([F:10])[F:11],-9.9,11.6
99,99,[CH3:1][CH:2]1[CH2:3][CH2:4][CH2:5][CH2:6]1.[O:7][CH2:8][C:9]([F:10])([F:11])[F:12]>>[CH3:1][C:2]1[CH2:3][CH2:4][CH2:5][CH2:6]1.[OH:7][CH2:8][C:9]([F:10])([F:11])[F:12],-7.8,11.9
100,100,[CH3:1][CH:2]1[CH2:3][CH2:4][CH2:5][CH2:6][CH2:7]1.[O:8][CH2:9][C:10]([F:11])([F:12])[F:13]>>[CH3:1][C:2]1[CH2:3][CH2:4][CH2:5][CH2:6][CH2:7]1.[OH:8][CH2:9][C:10]([F:11])([F:12])[F:13],-10.7,10.5
101,101,[CH3:1][C:2]([CH3:3])([CH3:4])[CH:5]1[CH2:6][CH2:7][CH2:8][CH2:9][CH2:10]1.[O:11][CH2:12][C:13]([F:14])([F:15])[F:16]>>[CH3:1][C:2]([CH3:3])([CH3:4])[C:5]1[CH2:6][CH2:7][CH2:8][CH2:9][CH2:10]1.[OH:11][CH2:12][C:13]([F:14])([F:15])[F:16],-10.2,12.5
102,102,[CH3:1][C@H:2]1[CH2:3][CH2:4][CH2:5][CH2:6][C@@H:7]1[CH3:8].[O:9][CH2:10][C:11]([F:12])([F:13])[F:14]>>[CH3:1][C:2]1[CH2:3][CH2:4][CH2:5][CH2:6][C@@H:7]1[CH3:8].[OH:9][CH2:10][C:11]([F:12])([F:13])[F:14],-10.3,9.6
103,103,[CH3:1][C@H:2]1[CH2:3][CH2:4][CH2:5][CH2:6][C@H:7]1[CH3:8].[O:9][CH2:10][C:11]([F:12])([F:13])[F:14]>>[CH3:1][C:2]1[CH2:3][CH2:4][CH2:5][CH2:6][C@@H:7]1[CH3:8].[OH:9][CH2:10][C:11]([F:12])([F:13])[F:14],-11.3,9.6
104,104,[CH3:1][C@H:2]1[CH2:3][CH2:4][C@H:5]([CH3:6])[CH2:7][CH2:8]1.[O:9][CH2:10][C:11]([F:12])([F:13])[F:14]>>[CH3:1][C:2]1[CH2:3][CH2:4][CH:5]([CH3:6])[CH2:7][CH2:8]1.[OH:9][CH2:10][C:11]([F:12])([F:13])[F:14],-10.9,10.0
105,105,[CH3:1][C@H:2]1[CH2:3][CH2:4][C@@H:5]([CH3:6])[CH2:7][CH2:8]1.[O:9][CH2:10][C:11]([F:12])([F:13])[F:14]>>[CH3:1][C:2]1[CH2:3][CH2:4][CH:5]([CH3:6])[CH2:7][CH2:8]1.[OH:9][CH2:10][C:11]([F:12])([F:13])[F:14],-12.6,10.1
106,106,[NH2:1][CH2:2][CH2:3][CH2:4][NH2:5].[O:6][CH2:7][C:8]([F:9])([F:10])[F:11]>>[NH2:1][CH:2][CH2:3][CH2:4][NH2:5].[OH:6][CH2:7][C:8]([F:9])([F:10])[F:11],-14.8,9.7
107,107,[CH3:1][N:2]([CH3:3])[CH:4]=[O:5].[O:6][CH2:7][C:8]([F:9])([F:10])[F:11]>>[CH2:1][N:2]([CH3:3])[CH:4]=[O:5].[OH:6][CH2:7][C:8]([F:9])([F:10])[F:11],-11.3,11.9
108,108,[CH3:1][C:2](=[O:3])[N:4]([CH3:5])[CH3:6].[O:7][CH2:8][C:9]([F:10])([F:11])[F:12]>>[CH3:1][C:2](=[O:3])[N:4]([CH2:5])[CH3:6].[OH:7][CH2:8][C:9]([F:10])([F:11])[F:12],-11.9,11.5
109,109,[CH3:1][CH2:2][N:3]([CH:4]=[O:5])[CH2:6][CH3:7].[O:8][CH2:9][C:10]([F:11])([F:12])[F:13]>>[CH3:1][CH:2][N:3]([CH:4]=[O:5])[CH2:6][CH3:7].[OH:8][CH2:9][C:10]([F:11])([F:12])[F:13],-13.9,11.1
110,110,[CH3:1][CH2:2][N:3]([CH2:4][CH3:5])[C:6]([CH3:7])=[O:8].[O:9][CH2:10][C:11]([F:12])([F:13])[F:14]>>[CH3:1][CH:2][N:3]([CH2:4][CH3:5])[C:6]([CH3:7])=[O:8].[OH:9][CH2:10][C:11]([F:12])([F:13])[F:14],-14.1,10.9
111,111,[CH3:1][CH2:2][C:3](=[O:4])[N:5]([CH3:6])[CH3:7].[O:8][CH2:9][C:10]([F:11])([F:12])[F:13]>>[CH3:1][CH2:2][C:3](=[O:4])[N:5]([CH2:6])[CH3:7].[OH:8][CH2:9][C:10]([F:11])([F:12])[F:13],-12.8,10.5
112,112,[CH3:1][CH:2]([CH3:3])[C:4](=[O:5])[N:6]([CH3:7])[CH3:8].[O:9][CH2:10][C:11]([F:12])([F:13])[F:14]>>[CH3:1][CH:2]([CH3:3])[C:4](=[O:5])[N:6]([CH2:7])[CH3:8].[OH:9][CH2:10][C:11]([F:12])([F:13])[F:14],-12.5,11.5
113,113,[CH3:1][N:2]([CH3:3])[C:4](=[O:5])[C:6]([CH3:7])([CH3:8])[CH3:9].[O:10][CH2:11][C:12]([F:13])([F:14])[F:15]>>[CH2:1][N:2]([CH3:3])[C:4](=[O:5])[C:6]([CH3:7])([CH3:8])[CH3:9].[OH:10][CH2:11][C:12]([F:13])([F:14])[F:15],-11.8,11.9
114,114,[CH3:1][N:2]([CH3:3])[C:4](=[O:5])[CH2:6][C:7]([CH3:8])([CH3:9])[CH3:10].[O:11][CH2:12][C:13]([F:14])([F:15])[F:16]>>[CH2:1][N:2]([CH3:3])[C:4](=[O:5])[CH2:6][C:7]([CH3:8])([CH3:9])[CH3:10].[OH:11][CH2:12][C:13]([F:14])([F:15])[F:16],-12.9,11.2
115,115,[CH2:1]1[CH2:2][CH2:3][CH2:4][CH2:5][CH2:6][CH2:7][CH2:8]1.[O:9][CH2:10][C:11]([F:12])([F:13])[F:14]>>[CH:1]1[CH2:2][CH2:3][CH2:4][CH2:5][CH2:6][CH2:7][CH2:8]1.[OH:9][CH2:10][C:11]([F:12])([F:13])[F:14],-11.1,10.7
116,116,[CH3:1][CH2:2][N:3]([CH3:4])[C:5]([CH3:6])=[O:7].[O:8][CH2:9][C:10]([F:11])([F:12])[F:13]>>[CH2:1][CH2:2][N:3]([CH3:4])[C:5]([CH3:6])=[O:7].[OH:8][CH2:9][C:10]([F:11])([F:12])[F:13],-11.2,11.8
117,117,[CH3:1][CH2:2][CH2:3][CH2:4][CH2:5][NH2:6].[O:7][CH2:8][C:9]([F:10])([F:11])[F:12]>>[CH3:1][CH2:2][CH2:3][CH2:4][CH:5][NH2:6].[OH:7][CH2:8][C:9]([F:10])([F:11])[F:12],-13.4,9.3
118,118,[NH2:1][CH2:2][CH2:3][CH2:4][CH2:5][OH:6].[O:7][CH2:8][C:9]([F:10])([F:11])[F:12]>>[NH2:1][CH:2][CH2:3][CH2:4][CH2:5][OH:6].[OH:7][CH2:8][C:9]([F:10])([F:11])[F:12],-13.5,11.2
119,119,[CH2:1]1[CH2:2][CH2:3][O:4][CH2:5]1.[O:6][CH2:7][C:8]([F:9])([F:10])[F:11]>>[CH2:1]1[CH2:2][CH2:3][O:4][CH:5]1.[OH:6][CH2:7][C:8]([F:9])([F:10])[F:11],-11.2,9.4
120,120,[CH4:1].[CH3:2][C:3]([CH3:4])([O:5])[c:6]1[cH:7][cH:8][cH:9][cH:10][cH:11]1>>[CH3:1].[CH3:2][C:3]([CH3:4])([OH:5])[c:6]1[cH:7][cH:8][cH:9][cH:10][cH:11]1,1.4,20.2
121,121,[CH3:1][CH2:2][CH:3]([CH3:4])[CH2:5][CH3:6].[CH3:7][C:8]([CH3:9])([O:10])[c:11]1[cH:12][cH:13][cH:14][cH:15][cH:16]1>>[CH2:1][CH2:2][CH:3]([CH3:4])[CH2:5][CH3:6].[CH3:7][C:8]([CH3:9])([OH:10])[c:11]1[cH:12][cH:13][cH:14][cH:15][cH:16]1,-4.1,17.6
122,122,[CH3:1][CH2:2][CH:3]([CH3:4])[CH2:5][CH3:6].[CH3:7][C:8]([CH3:9])([O:10])[c:11]1[cH:12][cH:13][cH:14][cH:15][cH:16]1>>[CH3:1][CH:2][CH:3]([CH3:4])[CH2:5][CH3:6].[CH3:7][C:8]([CH3:9])([OH:10])[c:11]1[cH:12][cH:13][cH:14][cH:15][cH:16]1,-7.9,14.7
123,123,[CH3:1][CH2:2][CH:3]([CH3:4])[CH2:5][CH3:6].[CH3:7][C:8]([CH3:9])([O:10])[c:11]1[cH:12][cH:13][cH:14][cH:15][cH:16]1>>[CH3:1][CH2:2][C:3]([CH3:4])[CH2:5][CH3:6].[CH3:7][C:8]([CH3:9])([OH:10])[c:11]1[cH:12][cH:13][cH:14][cH:15][cH:16]1,-9.9,14.7
124,124,[CH3:1][CH2:2][CH:3]([CH3:4])[CH2:5][CH3:6].[CH3:7][C:8]([CH3:9])([O:10])[c:11]1[cH:12][cH:13][cH:14][cH:15][cH:16]1>>[CH3:1][CH2:2][CH:3]([CH2:4])[CH2:5][CH3:6].[CH3:7][C:8]([CH3:9])([OH:10])[c:11]1[cH:12][cH:13][cH:14][cH:15][cH:16]1,-4.2,16.6
125,125,[CH3:1][CH2:2][CH2:3][CH2:4][O:5][C:6]([CH3:7])=[O:8].[CH3:9][C:10]([CH3:11])([O:12])[c:13]1[cH:14][cH:15][cH:16][cH:17][cH:18]1>>[CH3:1][CH2:2][CH2:3][CH:4][O:5][C:6]([CH3:7])=[O:8].[CH3:9][C:10]([CH3:11])([OH:12])[c:13]1[cH:14][cH:15][cH:16][cH:17][cH:18]1,-6.4,16.8
126,126,[CH3:1][CH2:2][CH2:3][CH2:4][O:5][C:6]([CH3:7])=[O:8].[CH3:9][C:10]([CH3:11])([O:12])[c:13]1[cH:14][cH:15][cH:16][cH:17][cH:18]1>>[CH3:1][CH2:2][CH:3][CH2:4][O:5][C:6]([CH3:7])=[O:8].[CH3:9][C:10]([CH3:11])([OH:12])[c:13]1[cH:14][cH:15][cH:16][cH:17][cH:18]1,-6.3,17.0
127,127,[CH3:1][CH2:2][CH2:3][CH2:4][O:5][C:6]([CH3:7])=[O:8].[CH3:9][C:10]([CH3:11])([O:12])[c:13]1[cH:14][cH:15][cH:16][cH:17][cH:18]1>>[CH3:1][CH:2][CH2:3][CH2:4][O:5][C:6]([CH3:7])=[O:8].[CH3:9][C:10]([CH3:11])([OH:12])[c:13]1[cH:14][cH:15][cH:16][cH:17][cH:18]1,-7.4,14.8
128,128,[CH3:1][CH2:2][CH2:3][CH2:4][O:5][C:6]([CH3:7])=[O:8].[CH3:9][C:10]([CH3:11])([O:12])[c:13]1[cH:14][cH:15][cH:16][cH:17][cH:18]1>>[CH2:1][CH2:2][CH2:3][CH2:4][O:5][C:6]([CH3:7])=[O:8].[CH3:9][C:10]([CH3:11])([OH:12])[c:13]1[cH:14][cH:15][cH:16][cH:17][cH:18]1,-2.9,18.4
129,129,[CH3:1][CH2:2][CH2:3][CH2:4][O:5][CH2:6][CH3:7].[CH3:8][C:9]([CH3:10])([O:11])[c:12]1[cH:13][cH:14][cH:15][cH:16][cH:17]1>>[CH3:1][CH2:2][CH2:3][CH:4][O:5][CH2:6][CH3:7].[CH3:8][C:9]([CH3:10])([OH:11])[c:12]1[cH:13][cH:14][cH:15][cH:16][cH:17]1,-10.2,11.3
130,130,[CH2:1]=[CH:2][CH3:3].[CH3:4][C:5]([CH3:6])([O:7])[c:8]1[cH:9][cH:10][cH:11][cH:12][cH:13]1>>[CH2:1]=[CH:2][CH2:3].[CH3:4][C:5]([CH3:6])([OH:7])[c:8]1[cH:9][cH:10][cH:11][cH:12][cH:13]1,-17.1,15.7
131,131,[CH2:1]=[CH:2][CH2:3][CH3:4].[CH3:5][C:6]([CH3:7])([O:8])[c:9]1[cH:10][cH:11][cH:12][cH:13][cH:14]1>>[CH2:1]=[CH:2][CH:3][CH3:4].[CH3:5][C:6]([CH3:7])([OH:8])[c:9]1[cH:10][cH:11][cH:12][cH:13][cH:14]1,-21.2,13.1
132,132,[CH2:1]=[CH:2][CH:3]([CH3:4])[CH3:5].[CH3:6][C:7]([CH3:8])([O:9])[c:10]1[cH:11][cH:12][cH:13][cH:14][cH:15]1>>[CH2:1]=[CH:2][C:3]([CH3:4])[CH3:5].[CH3:6][C:7]([CH3:8])([OH:9])[c:10]1[cH:11][cH:12][cH:13][cH:14][cH:15]1,-23.4,11.6
133,133,[CH3:1][c:2]1[cH:3][cH:4][cH:5][cH:6][cH:7]1.[CH3:8][C:9]([CH3:10])([O:11])[c:12]1[cH:13][cH:14][cH:15][cH:16][cH:17]1>>[CH2:1][c:2]1[cH:3][cH:4][cH:5][cH:6][cH:7]1.[CH3:8][C:9]([CH3:10])([OH:11])[c:12]1[cH:13][cH:14][cH:15][cH:16][cH:17]1,-13.1,14.7
134,134,[CH3:1][CH2:2][c:3]1[cH:4][cH:5][cH:6][cH:7][cH:8]1.[CH3:9][C:10]([CH3:11])([O:12])[c:13]1[cH:14][cH:15][cH:16][cH:17][cH:18]1>>[CH3:1][CH:2][c:3]1[cH:4][cH:5][cH:6][cH:7][cH:8]1.[CH3:9][C:10]([CH3:11])([OH:12])[c:13]1[cH:14][cH:15][cH:16][cH:17][cH:18]1,-17.9,12.3
135,135,[CH3:1][CH:2]([CH3:3])[c:4]1[cH:5][cH:6][cH:7][cH:8][cH:9]1.[CH3:10][C:11]([CH3:12])([O:13])[c:14]1[cH:15][cH:16][cH:17][cH:18][cH:19]1>>[CH3:1][C:2]([CH3:3])[c:4]1[cH:5][cH:6][cH:7][cH:8][cH:9]1.[CH3:10][C:11]([CH3:12])([OH:13])[c:14]1[cH:15][cH:16][cH:17][cH:18][cH:19]1,-18.8,12.0
136,136,[CH2:1]=[C:2]([CH3:3])[CH2:4][CH2:5][CH2:6][CH2:7][CH3:8].[CH3:9][C:10]([CH3:11])([O:12])[c:13]1[cH:14][cH:15][cH:16][cH:17][cH:18]1>>[CH2:1]=[C:2]([CH2:3])[CH2:4][CH2:5][CH2:6][CH2:7][CH3:8].[CH3:9][C:10]([CH3:11])([OH:12])[c:13]1[cH:14][cH:15][cH:16][cH:17][cH:18]1,-16.5,14.6
137,137,[CH3:1][CH2:2][C:3]([CH3:4])=[O:5].[CH3:6][C:7]([CH3:8])([O:9])[c:10]1[cH:11][cH:12][cH:13][cH:14][cH:15]1>>[CH3:1][CH2:2][C:3]([CH2:4])=[O:5].[CH3:6][C:7]([CH3:8])([OH:9])[c:10]1[cH:11][cH:12][cH:13][cH:14][cH:15]1,-8.2,16.5
138,138,[CH3:1][CH2:2][C:3]([CH3:4])=[O:5].[CH3:6][C:7]([CH3:8])([O:9])[c:10]1[cH:11][cH:12][cH:13][cH:14][cH:15]1>>[CH3:1][CH:2][C:3]([CH3:4])=[O:5].[CH3:6][C:7]([CH3:8])([OH:9])[c:10]1[cH:11][cH:12][cH:13][cH:14][cH:15]1,-12.8,16.8
139,139,[CH3:1][CH2:2][CH2:3][CH2:4][CH2:5][C:6]([CH3:7])=[O:8].[CH3:9][C:10]([CH3:11])([O:12])[c:13]1[cH:14][cH:15][cH:16][cH:17][cH:18]1>>[CH3:1][CH2:2][CH2:3][CH2:4][CH2:5][C:6]([CH2:7])=[O:8].[CH3:9][C:10]([CH3:11])([OH:12])[c:13]1[cH:14][cH:15][cH:16][cH:17][cH:18]1,-8.4,16.1
140,140,[CH3:1][CH2:2][CH2:3][CH2:4][O:5][C:6]([CH3:7])=[O:8].[CH3:9][C:10]([CH3:11])([O:12])[c:13]1[cH:14][cH:15][cH:16][cH:17][cH:18]1>>[CH3:1][CH2:2][CH2:3][CH2:4][O:5][C:6]([CH2:7])=[O:8].[CH3:9][C:10]([CH3:11])([OH:12])[c:13]1[cH:14][cH:15][cH:16][cH:17][cH:18]1,-4.7,19.1
141,141,[CH3:1][C:2]#[N:3].[CH3:4][C:5]([CH3:6])([O:7])[c:8]1[cH:9][cH:10][cH:11][cH:12][cH:13]1>>[CH2:1][C:2]#[N:3].[CH3:4][C:5]([CH3:6])([OH:7])[c:8]1[cH:9][cH:10][cH:11][cH:12][cH:13]1,-6.9,21.1
142,142,[CH3:1][CH2:2][C:3]#[N:4].[CH3:5][C:6]([CH3:7])([O:8])[c:9]1[cH:10][cH:11][cH:12][cH:13][cH:14]1>>[CH3:1][CH:2][C:3]#[N:4].[CH3:5][C:6]([CH3:7])([OH:8])[c:9]1[cH:10][cH:11][cH:12][cH:13][cH:14]1,-13.2,17.1
143,143,[CH3:1][CH:2]([CH3:3])[C:4]#[N:5].[CH3:6][C:7]([CH3:8])([O:9])[c:10]1[cH:11][cH:12][cH:13][cH:14][cH:15]1>>[CH3:1][C:2]([CH3:3])[C:4]#[N:5].[CH3:6][C:7]([CH3:8])([OH:9])[c:10]1[cH:11][cH:12][cH:13][cH:14][cH:15]1,-18.1,14.7
144,144,[CH3:1][CH3:2].[CH3:3][C:4]([CH3:5])([O:6])[c:7]1[cH:8][cH:9][cH:10][cH:11][cH:12]1>>[CH2:1][CH3:2].[CH3:3][C:4]([CH3:5])([OH:6])[c:7]1[cH:8][cH:9][cH:10][cH:11][cH:12]1,-4.2,16.1
145,145,[CH3:1][CH2:2][CH3:3].[CH3:4][C:5]([CH3:6])([O:7])[c:8]1[cH:9][cH:10][cH:11][cH:12][cH:13]1>>[CH3:1][CH:2][CH3:3].[CH3:4][C:5]([CH3:6])([OH:7])[c:8]1[cH:9][cH:10][cH:11][cH:12][cH:13]1,-8.1,12.9
146,146,[CH3:1][CH2:2][CH3:3].[CH3:4][C:5]([CH3:6])([O:7])[c:8]1[cH:9][cH:10][cH:11][cH:12][cH:13]1>>[CH2:1][CH2:2][CH3:3].[CH3:4][C:5]([CH3:6])([OH:7])[c:8]1[cH:9][cH:10][cH:11][cH:12][cH:13]1,-3.3,16.4
147,147,[CH3:1][CH2:2][c:3]1[cH:4][cH:5][cH:6][cH:7][cH:8]1.[CH3:9][C:10]([CH3:11])([O:12])[c:13]1[cH:14][cH:15][cH:16][cH:17][cH:18]1>>[CH2:1][CH2:2][c:3]1[cH:4][cH:5][cH:6][cH:7][cH:8]1.[CH3:9][C:10]([CH3:11])([OH:12])[c:13]1[cH:14][cH:15][cH:16][cH:17][cH:18]1,-3.2,17.2
148,148,[CH3:1][CH2:2][O:3][C:4](=[O:5])[c:6]1[cH:7][cH:8][cH:9][cH:10][cH:11]1.[CH3:12][C:13]([CH3:14])([O:15])[c:16]1[cH:17][cH:18][cH:19][cH:20][cH:21]1>>[CH2:1][CH2:2][O:3][C:4](=[O:5])[c:6]1[cH:7][cH:8][cH:9][cH:10][cH:11]1.[CH3:12][C:13]([CH3:14])([OH:15])[c:16]1[cH:17][cH:18][cH:19][cH:20][cH:21]1,-0.6,21.0
149,149,[CH3:1][CH2:2][O:3][C:4](=[O:5])[c:6]1[cH:7][cH:8][cH:9][cH:10][cH:11]1.[CH3:12][C:13]([CH3:14])([O:15])[c:16]1[cH:17][cH:18][cH:19][cH:20][cH:21]1>>[CH3:1][CH:2][O:3][C:4](=[O:5])[c:6]1[cH:7][cH:8][cH:9][cH:10][cH:11]1.[CH3:12][C:13]([CH3:14])([OH:15])[c:16]1[cH:17][cH:18][cH:19][cH:20][cH:21]1,-6.9,14.9
150,150,[CH3:1][CH2:2][O:3][C:4](=[O:5])[CH2:6][c:7]1[cH:8][cH:9][cH:10][cH:11][cH:12]1.[CH3:13][C:14]([CH3:15])([O:16])[c:17]1[cH:18][cH:19][cH:20][cH:21][cH:22]1>>[CH3:1][CH2:2][O:3][C:4](=[O:5])[CH:6][c:7]1[cH:8][cH:9][cH:10][cH:11][cH:12]1.[CH3:13][C:14]([CH3:15])([OH:16])[c:17]1[cH:18][cH:19][cH:20][cH:21][cH:22]1,-16.8,18.2
151,151,[CH3:1][O:2][CH2:3][c:4]1[cH:5][cH:6][cH:7][cH:8][cH:9]1.[CH3:10][C:11]([CH3:12])([O:13])[c:14]1[cH:15][cH:16][cH:17][cH:18][cH:19]1>>[CH3:1][O:2][CH:3][c:4]1[cH:5][cH:6][cH:7][cH:8][cH:9]1.[CH3:10][C:11]([CH3:12])([OH:13])[c:14]1[cH:15][cH:16][cH:17][cH:18][cH:19]1,-22.1,11.0
152,152,[CH3:1][O:2][CH2:3][c:4]1[cH:5][cH:6][cH:7][cH:8][cH:9]1.[CH3:10][C:11]([CH3:12])([O:13])[c:14]1[cH:15][cH:16][cH:17][cH:18][cH:19]1>>[CH2:1][O:2][CH2:3][c:4]1[cH:5][cH:6][cH:7][cH:8][cH:9]1.[CH3:10][C:11]([CH3:12])([OH:13])[c:14]1[cH:15][cH:16][cH:17][cH:18][cH:19]1,-9.3,12.5
153,153,[CH3:1][NH:2][C:3](=[O:4])[c:5]1[cH:6][cH:7][cH:8][cH:9][cH:10]1.[CH3:11][C:12]([CH3:13])([O:14])[c:15]1[cH:16][cH:17][cH:18][cH:19][cH:20]1>>[CH2:1][NH:2][C:3](=[O:4])[c:5]1[cH:6][cH:7][cH:8][cH:9][cH:10]1.[CH3:11][C:12]([CH3:13])([OH:14])[c:15]1[cH:16][cH:17][cH:18][cH:19][cH:20]1,-11.7,14.0
154,154,[CH3:1][C:2](=[O:3])[NH:4][c:5]1[cH:6][cH:7][cH:8][cH:9][cH:10]1.[CH3:11][C:12]([CH3:13])([O:14])[c:15]1[cH:16][cH:17][cH:18][cH:19][cH:20]1>>[CH2:1][C:2](=[O:3])[NH:4][c:5]1[cH:6][cH:7][cH:8][cH:9][cH:10]1.[CH3:11][C:12]([CH3:13])([OH:14])[c:15]1[cH:16][cH:17][cH:18][cH:19][cH:20]1,-6.9,17.0
155,155,[CH3:1][NH:2][C:3]([CH3:4])=[O:5].[CH3:6][C:7]([CH3:8])([O:9])[c:10]1[cH:11][cH:12][cH:13][cH:14][cH:15]1>>[CH2:1][NH:2][C:3]([CH3:4])=[O:5].[CH3:6][C:7]([CH3:8])([OH:9])[c:10]1[cH:11][cH:12][cH:13][cH:14][cH:15]1,-10.4,13.0
156,156,[CH3:1][NH:2][C:3]([CH3:4])=[O:5].[CH3:6][C:7]([CH3:8])([O:9])[c:10]1[cH:11][cH:12][cH:13][cH:14][cH:15]1>>[CH3:1][NH:2][C:3]([CH2:4])=[O:5].[CH3:6][C:7]([CH3:8])([OH:9])[c:10]1[cH:11][cH:12][cH:13][cH:14][cH:15]1,-5.5,17.7
157,157,[CH3:1][CH2:2][S:3][CH2:4][CH3:5].[CH3:6][C:7]([CH3:8])([O:9])[c:10]1[cH:11][cH:12][cH:13][cH:14][cH:15]1>>[CH3:1][CH:2][S:3][CH2:4][CH3:5].[CH3:6][C:7]([CH3:8])([OH:9])[c:10]1[cH:11][cH:12][cH:13][cH:14][cH:15]1,-11.6,11.7
158,158,[CH2:1]1[CH2:2][CH2:3][CH2:4][CH2:5]1.[CH3:6][C:7]([CH3:8])([O:9])[c:10]1[cH:11][cH:12][cH:13][cH:14][cH:15]1>>[CH:1]1[CH2:2][CH2:3][CH2:4][CH2:5]1.[CH3:6][C:7]([CH3:8])([OH:9])[c:10]1[cH:11][cH:12][cH:13][cH:14][cH:15]1,-9.7,12.2
159,159,[CH3:1][CH:2]1[CH2:3][CH2:4][CH2:5][CH2:6]1.[CH3:7][C:8]([CH3:9])([O:10])[c:11]1[cH:12][cH:13][cH:14][cH:15][cH:16]1>>[CH3:1][C:2]1[CH2:3][CH2:4][CH2:5][CH2:6]1.[CH3:7][C:8]([CH3:9])([OH:10])[c:11]1[cH:12][cH:13][cH:14][cH:15][cH:16]1,-7.5,14.3
160,160,[CH3:1][CH:2]1[CH2:3][CH2:4][CH2:5][CH2:6][CH2:7]1.[CH3:8][C:9]([CH3:10])([O:11])[c:12]1[cH:13][cH:14][cH:15][cH:16][cH:17]1>>[CH3:1][C:2]1[CH2:3][CH2:4][CH2:5][CH2:6][CH2:7]1.[CH3:8][C:9]([CH3:10])([OH:11])[c:12]1[cH:13][cH:14][cH:15][cH:16][cH:17]1,-10.4,12.4
161,161,[CH3:1][C:2]([CH3:3])([CH3:4])[CH:5]1[CH2:6][CH2:7][CH2:8][CH2:9][CH2:10]1.[CH3:11][C:12]([CH3:13])([O:14])[c:15]1[cH:16][cH:17][cH:18][cH:19][cH:20]1>>[CH3:1][C:2]([CH3:3])([CH3:4])[C:5]1[CH2:6][CH2:7][CH2:8][CH2:9][CH2:10]1.[CH3:11][C:12]([CH3:13])([OH:14])[c:15]1[cH:16][cH:17][cH:18][cH:19][cH:20]1,-10.0,15.8
162,162,[CH3:1][C@H:2]1[CH2:3][CH2:4][CH2:5][CH2:6][C@@H:7]1[CH3:8].[CH3:9][C:10]([CH3:11])([O:12])[c:13]1[cH:14][cH:15][cH:16][cH:17][cH:18]1>>[CH3:1][C:2]1[CH2:3][CH2:4][CH2:5][CH2:6][C@@H:7]1[CH3:8].[CH3:9][C:10]([CH3:11])([OH:12])[c:13]1[cH:14][cH:15][cH:16][cH:17][cH:18]1,-10.0,13.1
163,163,[CH3:1][C@H:2]1[CH2:3][CH2:4][CH2:5][CH2:6][C@H:7]1[CH3:8].[CH3:9][C:10]([CH3:11])([O:12])[c:13]1[cH:14][cH:15][cH:16][cH:17][cH:18]1>>[CH3:1][C:2]1[CH2:3][CH2:4][CH2:5][CH2:6][C@@H:7]1[CH3:8].[CH3:9][C:10]([CH3:11])([OH:12])[c:13]1[cH:14][cH:15][cH:16][cH:17][cH:18]1,-11.0,11.9
164,164,[CH3:1][C@H:2]1[CH2:3][CH2:4][C@H:5]([CH3:6])[CH2:7][CH2:8]1.[CH3:9][C:10]([CH3:11])([O:12])[c:13]1[cH:14][cH:15][cH:16][cH:17][cH:18]1>>[CH3:1][C:2]1[CH2:3][CH2:4][CH:5]([CH3:6])[CH2:7][CH2:8]1.[CH3:9][C:10]([CH3:11])([OH:12])[c:13]1[cH:14][cH:15][cH:16][cH:17][cH:18]1,-10.6,12.2
165,165,[CH3:1][C@H:2]1[CH2:3][CH2:4][C@@H:5]([CH3:6])[CH2:7][CH2:8]1.[CH3:9][C:10]([CH3:11])([O:12])[c:13]1[cH:14][cH:15][cH:16][cH:17][cH:18]1>>[CH3:1][C:2]1[CH2:3][CH2:4][CH:5]([CH3:6])[CH2:7][CH2:8]1.[CH3:9][C:10]([CH3:11])([OH:12])[c:13]1[cH:14][cH:15][cH:16][cH:17][cH:18]1,-12.3,11.9
166,166,[NH2:1][CH2:2][CH2:3][CH2:4][NH2:5].[CH3:6][C:7]([CH3:8])([O:9])[c:10]1[cH:11][cH:12][cH:13][cH:14][cH:15]1>>[NH2:1][CH:2][CH2:3][CH2:4][NH2:5].[CH3:6][C:7]([CH3:8])([OH:9])[c:10]1[cH:11][cH:12][cH:13][cH:14][cH:15]1,-14.5,9.7
167,167,[CH3:1][N:2]([CH3:3])[CH:4]=[O:5].[CH3:6][C:7]([CH3:8])([O:9])[c:10]1[cH:11][cH:12][cH:13][cH:14][cH:15]1>>[CH2:1][N:2]([CH3:3])[CH:4]=[O:5].[CH3:6][C:7]([CH3:8])([OH:9])[c:10]1[cH:11][cH:12][cH:13][cH:14][cH:15]1,-11.0,14.0
168,168,[CH3:1][C:2](=[O:3])[N:4]([CH3:5])[CH3:6].[CH3:7][C:8]([CH3:9])([O:10])[c:11]1[cH:12][cH:13][cH:14][cH:15][cH:16]1>>[CH3:1][C:2](=[O:3])[N:4]([CH2:5])[CH3:6].[CH3:7][C:8]([CH3:9])([OH:10])[c:11]1[cH:12][cH:13][cH:14][cH:15][cH:16]1,-11.6,13.3
169,169,[CH3:1][CH2:2][N:3]([CH:4]=[O:5])[CH2:6][CH3:7].[CH3:8][C:9]([CH3:10])([O:11])[c:12]1[cH:13][cH:14][cH:15][cH:16][cH:17]1>>[CH3:1][CH:2][N:3]([CH:4]=[O:5])[CH2:6][CH3:7].[CH3:8][C:9]([CH3:10])([OH:11])[c:12]1[cH:13][cH:14][cH:15][cH:16][cH:17]1,-13.6,12.5
170,170,[CH3:1][CH2:2][N:3]([CH2:4][CH3:5])[C:6]([CH3:7])=[O:8].[CH3:9][C:10]([CH3:11])([O:12])[c:13]1[cH:14][cH:15][cH:16][cH:17][cH:18]1>>[CH3:1][CH:2][N:3]([CH2:4][CH3:5])[C:6]([CH3:7])=[O:8].[CH3:9][C:10]([CH3:11])([OH:12])[c:13]1[cH:14][cH:15][cH:16][cH:17][cH:18]1,-13.8,12.4
171,171,[CH3:1][CH2:2][C:3](=[O:4])[N:5]([CH3:6])[CH3:7].[CH3:8][C:9]([CH3:10])([O:11])[c:12]1[cH:13][cH:14][cH:15][cH:16][cH:17]1>>[CH3:1][CH2:2][C:3](=[O:4])[N:5]([CH2:6])[CH3:7].[CH3:8][C:9]([CH3:10])([OH:11])[c:12]1[cH:13][cH:14][cH:15][cH:16][cH:17]1,-12.5,12.7
172,172,[CH3:1][CH:2]([CH3:3])[C:4](=[O:5])[N:6]([CH3:7])[CH3:8].[CH3:9][C:10]([CH3:11])([O:12])[c:13]1[cH:14][cH:15][cH:16][cH:17][cH:18]1>>[CH3:1][CH:2]([CH3:3])[C:4](=[O:5])[N:6]([CH2:7])[CH3:8].[CH3:9][C:10]([CH3:11])([OH:12])[c:13]1[cH:14][cH:15][cH:16][cH:17][cH:18]1,-12.2,11.7
173,173,[CH3:1][N:2]([CH3:3])[C:4](=[O:5])[C:6]([CH3:7])([CH3:8])[CH3:9].[CH3:10][C:11]([CH3:12])([O:13])[c:14]1[cH:15][cH:16][cH:17][cH:18][cH:19]1>>[CH2:1][N:2]([CH3:3])[C:4](=[O:5])[C:6]([CH3:7])([CH3:8])[CH3:9].[CH3:10][C:11]([CH3:12])([OH:13])[c:14]1[cH:15][cH:16][cH:17][cH:18][cH:19]1,-11.5,13.3
174,174,[CH3:1][N:2]([CH3:3])[C:4](=[O:5])[CH2:6][C:7]([CH3:8])([CH3:9])[CH3:10].[CH3:11][C:12]([CH3:13])([O:14])[c:15]1[cH:16][cH:17][cH:18][cH:19][cH:20]1>>[CH2:1][N:2]([CH3:3])[C:4](=[O:5])[CH2:6][C:7]([CH3:8])([CH3:9])[CH3:10].[CH3:11][C:12]([CH3:13])([OH:14])[c:15]1[cH:16][cH:17][cH:18][cH:19][cH:20]1,-12.6,12.3
175,175,[CH2:1]1[CH2:2][CH2:3][CH2:4][CH2:5][CH2:6][CH2:7][CH2:8]1.[CH3:9][C:10]([CH3:11])([O:12])[c:13]1[cH:14][cH:15][cH:16][cH:17][cH:18]1>>[CH:1]1[CH2:2][CH2:3][CH2:4][CH2:5][CH2:6][CH2:7][CH2:8]1.[CH3:9][C:10]([CH3:11])([OH:12])[c:13]1[cH:14][cH:15][cH:16][cH:17][cH:18]1,-10.8,12.4
176,176,[CH3:1][CH2:2][N:3]([CH3:4])[C:5]([CH3:6])=[O:7].[CH3:8][C:9]([CH3:10])([O:11])[c:12]1[cH:13][cH:14][cH:15][cH:16][cH:17]1>>[CH2:1][CH2:2][N:3]([CH3:4])[C:5]([CH3:6])=[O:7].[CH3:8][C:9]([CH3:10])([OH:11])[c:12]1[cH:13][cH:14][cH:15][cH:16][cH:17]1,-10.9,14.6
177,177,[CH3:1][CH2:2][CH2:3][CH2:4][CH2:5][NH2:6].[CH3:7][C:8]([CH3:9])([O:10])[c:11]1[cH:12][cH:13][cH:14][cH:15][cH:16]1>>[CH3:1][CH2:2][CH2:3][CH2:4][CH:5][NH2:6].[CH3:7][C:8]([CH3:9])([OH:10])[c:11]1[cH:12][cH:13][cH:14][cH:15][cH:16]1,-13.1,11.6
178,178,[NH2:1][CH2:2][CH2:3][CH2:4][CH2:5][OH:6].[CH3:7][C:8]([CH3:9])([O:10])[c:11]1[cH:12][cH:13][cH:14][cH:15][cH:16]1>>[NH2:1][CH:2][CH2:3][CH2:4][CH2:5][OH:6].[CH3:7][C:8]([CH3:9])([OH:10])[c:11]1[cH:12][cH:13][cH:14][cH:15][cH:16]1,-13.2,11.7
179,179,[CH2:1]1[CH2:2][CH2:3][O:4][CH2:5]1.[CH3:6][C:7]([CH3:8])([O:9])[c:10]1[cH:11][cH:12][cH:13][cH:14][cH:15]1>>[CH2:1]1[CH2:2][CH2:3][O:4][CH:5]1.[CH3:6][C:7]([CH3:8])([OH:9])[c:10]1[cH:11][cH:12][cH:13][cH:14][cH:15]1,-10.9,11.9
180,180,[CH4:1].[CH3:2][C:3]([CH3:4])([CH3:5])[O:6]>>[CH3:1].[CH3:2][C:3]([CH3:4])([CH3:5])[OH:6],1.2,18.0
181,181,[CH3:1][CH2:2][CH:3]([CH3:4])[CH2:5][CH3:6].[CH3:7][C:8]([CH3:9])([CH3:10])[O:11]>>[CH2:1][CH2:2][CH:3]([CH3:4])[CH2:5][CH3:6].[CH3:7][C:8]([CH3:9])([CH3:10])[OH:11],-4.3,17.3
182,182,[CH3:1][CH2:2][CH:3]([CH3:4])[CH2:5][CH3:6].[CH3:7][C:8]([CH3:9])([CH3:10])[O:11]>>[CH3:1][CH:2][CH:3]([CH3:4])[CH2:5][CH3:6].[CH3:7][C:8]([CH3:9])([CH3:10])[OH:11],-8.1,15.6
183,183,[CH3:1][CH2:2][CH:3]([CH3:4])[CH2:5][CH3:6].[CH3:7][C:8]([CH3:9])([CH3:10])[O:11]>>[CH3:1][CH2:2][C:3]([CH3:4])[CH2:5][CH3:6].[CH3:7][C:8]([CH3:9])([CH3:10])[OH:11],-10.1,13.5
184,184,[CH3:1][CH2:2][CH:3]([CH3:4])[CH2:5][CH3:6].[CH3:7][C:8]([CH3:9])([CH3:10])[O:11]>>[CH3:1][CH2:2][CH:3]([CH2:4])[CH2:5][CH3:6].[CH3:7][C:8]([CH3:9])([CH3:10])[OH:11],-4.4,16.2
185,185,[CH3:1][CH2:2][CH2:3][CH2:4][O:5][C:6]([CH3:7])=[O:8].[CH3:9][C:10]([CH3:11])([CH3:12])[O:13]>>[CH3:1][CH2:2][CH2:3][CH:4][O:5][C:6]([CH3:7])=[O:8].[CH3:9][C:10]([CH3:11])([CH3:12])[OH:13],-6.6,15.9
186,186,[CH3:1][CH2:2][CH2:3][CH2:4][O:5][C:6]([CH3:7])=[O:8].[CH3:9][C:10]([CH3:11])([CH3:12])[O:13]>>[CH3:1][CH2:2][CH:3][CH2:4][O:5][C:6]([CH3:7])=[O:8].[CH3:9][C:10]([CH3:11])([CH3:12])[OH:13],-6.4,18.6
187,187,[CH3:1][CH2:2][CH2:3][CH2:4][O:5][C:6]([CH3:7])=[O:8].[CH3:9][C:10]([CH3:11])([CH3:12])[O:13]>>[CH3:1][CH:2][CH2:3][CH2:4][O:5][C:6]([CH3:7])=[O:8].[CH3:9][C:10]([CH3:11])([CH3:12])[OH:13],-7.6,17.4
188,188,[CH3:1][CH2:2][CH2:3][CH2:4][O:5][C:6]([CH3:7])=[O:8].[CH3:9][C:10]([CH3:11])([CH3:12])[O:13]>>[CH2:1][CH2:2][CH2:3][CH2:4][O:5][C:6]([CH3:7])=[O:8].[CH3:9][C:10]([CH3:11])([CH3:12])[OH:13],-3.1,21.8
189,189,[CH3:1][CH2:2][CH2:3][CH2:4][O:5][CH2:6][CH3:7].[CH3:8][C:9]([CH3:10])([CH3:11])[O:12]>>[CH3:1][CH2:2][CH2:3][CH:4][O:5][CH2:6][CH3:7].[CH3:8][C:9]([CH3:10])([CH3:11])[OH:12],-10.4,14.3
190,190,[CH2:1]=[CH:2][CH3:3].[CH3:4][C:5]([CH3:6])([CH3:7])[O:8]>>[CH2:1]=[CH:2][CH2:3].[CH3:4][C:5]([CH3:6])([CH3:7])[OH:8],-17.3,15.2
191,191,[CH2:1]=[CH:2][CH2:3][CH3:4].[CH3:5][C:6]([CH3:7])([CH3:8])[O:9]>>[CH2:1]=[CH:2][CH:3][CH3:4].[CH3:5][C:6]([CH3:7])([CH3:8])[OH:9],-21.4,13.0
192,192,[CH2:1]=[CH:2][CH:3]([CH3:4])[CH3:5].[CH3:6][C:7]([CH3:8])([CH3:9])[O:10]>>[CH2:1]=[CH:2][C:3]([CH3:4])[CH3:5].[CH3:6][C:7]([CH3:8])([CH3:9])[OH:10],-23.6,12.4
193,193,[CH3:1][c:2]1[cH:3][cH:4][cH:5][cH:6][cH:7]1.[CH3:8][C:9]([CH3:10])([CH3:11])[O:12]>>[CH2:1][c:2]1[cH:3][cH:4][cH:5][cH:6][cH:7]1.[CH3:8][C:9]([CH3:10])([CH3:11])[OH:12],-13.3,14.9
194,194,[CH3:1][CH2:2][c:3]1[cH:4][cH:5][cH:6][cH:7][cH:8]1.[CH3:9][C:10]([CH3:11])([CH3:12])[O:13]>>[CH3:1][CH:2][c:3]1[cH:4][cH:5][cH:6][cH:7][cH:8]1.[CH3:9][C:10]([CH3:11])([CH3:12])[OH:13],-18.1,12.9
195,195,[CH3:1][CH:2]([CH3:3])[c:4]1[cH:5][cH:6][cH:7][cH:8][cH:9]1.[CH3:10][C:11]([CH3:12])([CH3:13])[O:14]>>[CH3:1][C:2]([CH3:3])[c:4]1[cH:5][cH:6][cH:7][cH:8][cH:9]1.[CH3:10][C:11]([CH3:12])([CH3:13])[OH:14],-19.0,13.1
196,196,[CH2:1]=[C:2]([CH3:3])[CH2:4][CH2:5][CH2:6][CH2:7][CH3:8].[CH3:9][C:10]([CH3:11])([CH3:12])[O:13]>>[CH2:1]=[C:2]([CH2:3])[CH2:4][CH2:5][CH2:6][CH2:7][CH3:8].[CH3:9][C:10]([CH3:11])([CH3:12])[OH:13],-16.7,15.4
197,197,[CH3:1][CH2:2][C:3]([CH3:4])=[O:5].[CH3:6][C:7]([CH3:8])([CH3:9])[O:10]>>[CH3:1][CH2:2][C:3]([CH2:4])=[O:5].[CH3:6][C:7]([CH3:8])([CH3:9])[OH:10],-8.3,19.1
198,198,[CH3:1][CH2:2][C:3]([CH3:4])=[O:5].[CH3:6][C:7]([CH3:8])([CH3:9])[O:10]>>[CH3:1][CH:2][C:3]([CH3:4])=[O:5].[CH3:6][C:7]([CH3:8])([CH3:9])[OH:10],-13.0,16.3
199,199,[CH3:1][CH2:2][CH2:3][CH2:4][CH2:5][C:6]([CH3:7])=[O:8].[CH3:9][C:10]([CH3:11])([CH3:12])[O:13]>>[CH3:1][CH2:2][CH2:3][CH2:4][CH2:5][C:6]([CH2:7])=[O:8].[CH3:9][C:10]([CH3:11])([CH3:12])[OH:13],-8.6,18.2
200,200,[CH3:1][CH2:2][CH2:3][CH2:4][O:5][C:6]([CH3:7])=[O:8].[CH3:9][C:10]([CH3:11])([CH3:12])[O:13]>>[CH3:1][CH2:2][CH2:3][CH2:4][O:5][C:6]([CH2:7])=[O:8].[CH3:9][C:10]([CH3:11])([CH3:12])[OH:13],-4.8,20.1
201,201,[CH3:1][C:2]#[N:3].[CH3:4][C:5]([CH3:6])([CH3:7])[O:8]>>[CH2:1][C:2]#[N:3].[CH3:4][C:5]([CH3:6])([CH3:7])[OH:8],-7.1,19.2
202,202,[CH3:1][CH2:2][C:3]#[N:4].[CH3:5][C:6]([CH3:7])([CH3:8])[O:9]>>[CH3:1][CH:2][C:3]#[N:4].[CH3:5][C:6]([CH3:7])([CH3:8])[OH:9],-13.4,17.5
203,203,[CH3:1][CH:2]([CH3:3])[C:4]#[N:5].[CH3:6][C:7]([CH3:8])([CH3:9])[O:10]>>[CH3:1][C:2]([CH3:3])[C:4]#[N:5].[CH3:6][C:7]([CH3:8])([CH3:9])[OH:10],-18.2,14.8
204,204,[CH3:1][CH3:2].[CH3:3][C:4]([CH3:5])([CH3:6])[O:7]>>[CH2:1][CH3:2].[CH3:3][C:4]([CH3:5])([CH3:6])[OH:7],-4.3,16.8
205,205,[CH3:1][CH2:2][CH3:3].[CH3:4][C:5]([CH3:6])([CH3:7])[O:8]>>[CH3:1][CH:2][CH3:3].[CH3:4][C:5]([CH3:6])([CH3:7])[OH:8],-8.2,15.1
206,206,[CH3:1][CH2:2][CH3:3].[CH3:4][C:5]([CH3:6])([CH3:7])[O:8]>>[CH2:1][CH2:2][CH3:3].[CH3:4][C:5]([CH3:6])([CH3:7])[OH:8],-3.5,17.4
207,207,[CH3:1][CH2:2][c:3]1[cH:4][cH:5][cH:6][cH:7][cH:8]1.[CH3:9][C:10]([CH3:11])([CH3:12])[O:13]>>[CH2:1][CH2:2][c:3]1[cH:4][cH:5][cH:6][cH:7][cH:8]1.[CH3:9][C:10]([CH3:11])([CH3:12])[OH:13],-3.4,16.9
208,208,[CH3:1][CH2:2][O:3][C:4](=[O:5])[c:6]1[cH:7][cH:8][cH:9][cH:10][cH:11]1.[CH3:12][C:13]([CH3:14])([CH3:15])[O:16]>>[CH2:1][CH2:2][O:3][C:4](=[O:5])[c:6]1[cH:7][cH:8][cH:9][cH:10][cH:11]1.[CH3:12][C:13]([CH3:14])([CH3:15])[OH:16],-0.8,19.9
209,209,[CH3:1][CH2:2][O:3][C:4](=[O:5])[c:6]1[cH:7][cH:8][cH:9][cH:10][cH:11]1.[CH3:12][C:13]([CH3:14])([CH3:15])[O:16]>>[CH3:1][CH:2][O:3][C:4](=[O:5])[c:6]1[cH:7][cH:8][cH:9][cH:10][cH:11]1.[CH3:12][C:13]([CH3:14])([CH3:15])[OH:16],-7.1,16.9
210,210,[CH3:1][CH2:2][O:3][C:4](=[O:5])[CH2:6][c:7]1[cH:8][cH:9][cH:10][cH:11][cH:12]1.[CH3:13][C:14]([CH3:15])([CH3:16])[O:17]>>[CH3:1][CH2:2][O:3][C:4](=[O:5])[CH:6][c:7]1[cH:8][cH:9][cH:10][cH:11][cH:12]1.[CH3:13][C:14]([CH3:15])([CH3:16])[OH:17],-17.0,17.8
211,211,[CH3:1][O:2][CH2:3][c:4]1[cH:5][cH:6][cH:7][cH:8][cH:9]1.[CH3:10][C:11]([CH3:12])([CH3:13])[O:14]>>[CH3:1][O:2][CH:3][c:4]1[cH:5][cH:6][cH:7][cH:8][cH:9]1.[CH3:10][C:11]([CH3:12])([CH3:13])[OH:14],-22.3,11.3
212,212,[CH3:1][O:2][CH2:3][c:4]1[cH:5][cH:6][cH:7][cH:8][cH:9]1.[CH3:10][C:11]([CH3:12])([CH3:13])[O:14]>>[CH2:1][O:2][CH2:3][c:4]1[cH:5][cH:6][cH:7][cH:8][cH:9]1.[CH3:10][C:11]([CH3:12])([CH3:13])[OH:14],-9.5,14.1
213,213,[CH3:1][NH:2][C:3](=[O:4])[c:5]1[cH:6][cH:7][cH:8][cH:9][cH:10]1.[CH3:11][C:12]([CH3:13])([CH3:14])[O:15]>>[CH2:1][NH:2][C:3](=[O:4])[c:5]1[cH:6][cH:7][cH:8][cH:9][cH:10]1.[CH3:11][C:12]([CH3:13])([CH3:14])[OH:15],-11.9,13.8
214,214,[CH3:1][C:2](=[O:3])[NH:4][c:5]1[cH:6][cH:7][cH:8][cH:9][cH:10]1.[CH3:11][C:12]([CH3:13])([CH3:14])[O:15]>>[CH2:1][C:2](=[O:3])[NH:4][c:5]1[cH:6][cH:7][cH:8][cH:9][cH:10]1.[CH3:11][C:12]([CH3:13])([CH3:14])[OH:15],-7.1,18.5
215,215,[CH3:1][NH:2][C:3]([CH3:4])=[O:5].[CH3:6][C:7]([CH3:8])([CH3:9])[O:10]>>[CH2:1][NH:2][C:3]([CH3:4])=[O:5].[CH3:6][C:7]([CH3:8])([CH3:9])[OH:10],-10.6,14.4
216,216,[CH3:1][NH:2][C:3]([CH3:4])=[O:5].[CH3:6][C:7]([CH3:8])([CH3:9])[O:10]>>[CH3:1][NH:2][C:3]([CH2:4])=[O:5].[CH3:6][C:7]([CH3:8])([CH3:9])[OH:10],-5.7,18.3
217,217,[CH3:1][CH2:2][S:3][CH2:4][CH3:5].[CH3:6][C:7]([CH3:8])([CH3:9])[O:10]>>[CH3:1][CH:2][S:3][CH2:4][CH3:5].[CH3:6][C:7]([CH3:8])([CH3:9])[OH:10],-11.8,13.3
218,218,[CH2:1]1[CH2:2][CH2:3][CH2:4][CH2:5]1.[CH3:6][C:7]([CH3:8])([CH3:9])[O:10]>>[CH:1]1[CH2:2][CH2:3][CH2:4][CH2:5]1.[CH3:6][C:7]([CH3:8])([CH3:9])[OH:10],-9.8,13.7
219,219,[CH3:1][CH:2]1[CH2:3][CH2:4][CH2:5][CH2:6]1.[CH3:7][C:8]([CH3:9])([CH3:10])[O:11]>>[CH3:1][C:2]1[CH2:3][CH2:4][CH2:5][CH2:6]1.[CH3:7][C:8]([CH3:9])([CH3:10])[OH:11],-7.7,14.8
220,220,[CH3:1][CH:2]1[CH2:3][CH2:4][CH2:5][CH2:6][CH2:7]1.[CH3:8][C:9]([CH3:10])([CH3:11])[O:12]>>[CH3:1][C:2]1[CH2:3][CH2:4][CH2:5][CH2:6][CH2:7]1.[CH3:8][C:9]([CH3:10])([CH3:11])[OH:12],-10.6,13.1
221,221,[CH3:1][C:2]([CH3:3])([CH3:4])[CH:5]1[CH2:6][CH2:7][CH2:8][CH2:9][CH2:10]1.[CH3:11][C:12]([CH3:13])([CH3:14])[O:15]>>[CH3:1][C:2]([CH3:3])([CH3:4])[C:5]1[CH2:6][CH2:7][CH2:8][CH2:9][CH2:10]1.[CH3:11][C:12]([CH3:13])([CH3:14])[OH:15],-10.2,14.4
222,222,[CH3:1][C@H:2]1[CH2:3][CH2:4][CH2:5][CH2:6][C@@H:7]1[CH3:8].[CH3:9][C:10]([CH3:11])([CH3:12])[O:13]>>[CH3:1][C:2]1[CH2:3][CH2:4][CH2:5][CH2:6][C@@H:7]1[CH3:8].[CH3:9][C:10]([CH3:11])([CH3:12])[OH:13],-14.0,15.3
223,223,[CH3:1][C@H:2]1[CH2:3][CH2:4][CH2:5][CH2:6][C@H:7]1[CH3:8].[CH3:9][C:10]([CH3:11])([CH3:12])[O:13]>>[CH3:1][C:2]1[CH2:3][CH2:4][CH2:5][CH2:6][C@@H:7]1[CH3:8].[CH3:9][C:10]([CH3:11])([CH3:12])[OH:13],-11.2,12.0
224,224,[CH3:1][C@H:2]1[CH2:3][CH2:4][C@H:5]([CH3:6])[CH2:7][CH2:8]1.[CH3:9][C:10]([CH3:11])([CH3:12])[O:13]>>[CH3:1][C:2]1[CH2:3][CH2:4][CH:5]([CH3:6])[CH2:7][CH2:8]1.[CH3:9][C:10]([CH3:11])([CH3:12])[OH:13],-10.8,13.2
225,225,[CH3:1][C@H:2]1[CH2:3][CH2:4][C@@H:5]([CH3:6])[CH2:7][CH2:8]1.[CH3:9][C:10]([CH3:11])([CH3:12])[O:13]>>[CH3:1][C:2]1[CH2:3][CH2:4][CH:5]([CH3:6])[CH2:7][CH2:8]1.[CH3:9][C:10]([CH3:11])([CH3:12])[OH:13],-12.5,12.6
226,226,[NH2:1][CH2:2][CH2:3][CH2:4][NH2:5].[CH3:6][C:7]([CH3:8])([CH3:9])[O:10]>>[NH2:1][CH:2][CH2:3][CH2:4][NH2:5].[CH3:6][C:7]([CH3:8])([CH3:9])[OH:10],-14.7,10.6
227,227,[CH3:1][N:2]([CH3:3])[CH:4]=[O:5].[CH3:6][C:7]([CH3:8])([CH3:9])[O:10]>>[CH2:1][N:2]([CH3:3])[CH:4]=[O:5].[CH3:6][C:7]([CH3:8])([CH3:9])[OH:10],-11.2,13.9
228,228,[CH3:1][C:2](=[O:3])[N:4]([CH3:5])[CH3:6].[CH3:7][C:8]([CH3:9])([CH3:10])[O:11]>>[CH3:1][C:2](=[O:3])[N:4]([CH2:5])[CH3:6].[CH3:7][C:8]([CH3:9])([CH3:10])[OH:11],-11.8,14.5
229,229,[CH3:1][CH2:2][N:3]([CH:4]=[O:5])[CH2:6][CH3:7].[CH3:8][C:9]([CH3:10])([CH3:11])[O:12]>>[CH3:1][CH:2][N:3]([CH:4]=[O:5])[CH2:6][CH3:7].[CH3:8][C:9]([CH3:10])([CH3:11])[OH:12],-13.8,12.6
230,230,[CH3:1][CH2:2][N:3]([CH2:4][CH3:5])[C:6]([CH3:7])=[O:8].[CH3:9][C:10]([CH3:11])([CH3:12])[O:13]>>[CH3:1][CH:2][N:3]([CH2:4][CH3:5])[C:6]([CH3:7])=[O:8].[CH3:9][C:10]([CH3:11])([CH3:12])[OH:13],-14.0,13.9
231,231,[CH3:1][CH2:2][C:3](=[O:4])[N:5]([CH3:6])[CH3:7].[CH3:8][C:9]([CH3:10])([CH3:11])[O:12]>>[CH3:1][CH2:2][C:3](=[O:4])[N:5]([CH2:6])[CH3:7].[CH3:8][C:9]([CH3:10])([CH3:11])[OH:12],-12.7,13.7
232,232,[CH3:1][CH:2]([CH3:3])[C:4](=[O:5])[N:6]([CH3:7])[CH3:8].[CH3:9][C:10]([CH3:11])([CH3:12])[O:13]>>[CH3:1][CH:2]([CH3:3])[C:4](=[O:5])[N:6]([CH2:7])[CH3:8].[CH3:9][C:10]([CH3:11])([CH3:12])[OH:13],-12.3,13.5
233,233,[CH3:1][N:2]([CH3:3])[C:4](=[O:5])[C:6]([CH3:7])([CH3:8])[CH3:9].[CH3:10][C:11]([CH3:12])([CH3:13])[O:14]>>[CH2:1][N:2]([CH3:3])[C:4](=[O:5])[C:6]([CH3:7])([CH3:8])[CH3:9].[CH3:10][C:11]([CH3:12])([CH3:13])[OH:14],-11.7,14.2
234,234,[CH3:1][N:2]([CH3:3])[C:4](=[O:5])[CH2:6][C:7]([CH3:8])([CH3:9])[CH3:10].[CH3:11][C:12]([CH3:13])([CH3:14])[O:15]>>[CH2:1][N:2]([CH3:3])[C:4](=[O:5])[CH2:6][C:7]([CH3:8])([CH3:9])[CH3:10].[CH3:11][C:12]([CH3:13])([CH3:14])[OH:15],-12.8,13.4
235,235,[CH2:1]1[CH2:2][CH2:3][CH2:4][CH2:5][CH2:6][CH2:7][CH2:8]1.[CH3:9][C:10]([CH3:11])([CH3:12])[O:13]>>[CH:1]1[CH2:2][CH2:3][CH2:4][CH2:5][CH2:6][CH2:7][CH2:8]1.[CH3:9][C:10]([CH3:11])([CH3:12])[OH:13],-11.0,12.8
236,236,[CH3:1][CH2:2][N:3]([CH3:4])[C:5]([CH3:6])=[O:7].[CH3:8][C:9]([CH3:10])([CH3:11])[O:12]>>[CH2:1][CH2:2][N:3]([CH3:4])[C:5]([CH3:6])=[O:7].[CH3:8][C:9]([CH3:10])([CH3:11])[OH:12],-11.1,15.0
237,237,[CH3:1][CH2:2][CH2:3][CH2:4][CH2:5][NH2:6].[CH3:7][C:8]([CH3:9])([CH3:10])[O:11]>>[CH3:1][CH2:2][CH2:3][CH2:4][CH:5][NH2:6].[CH3:7][C:8]([CH3:9])([CH3:10])[OH:11],-13.3,12.1
238,238,[NH2:1][CH2:2][CH2:3][CH2:4][CH2:5][OH:6].[CH3:7][C:8]([CH3:9])([CH3:10])[O:11]>>[NH2:1][CH:2][CH2:3][CH2:4][CH2:5][OH:6].[CH3:7][C:8]([CH3:9])([CH3:10])[OH:11],-13.4,12.0
239,239,[CH2:1]1[CH2:2][CH2:3][O:4][CH2:5]1.[CH3:6][C:7]([CH3:8])([CH3:9])[O:10]>>[CH2:1]1[CH2:2][CH2:3][O:4][CH:5]1.[CH3:6][C:7]([CH3:8])([CH3:9])[OH:10],-11.1,12.5
240,240,[CH4:1].[O:2][CH2:3][C:4]([Cl:5])([Cl:6])[Cl:7]>>[CH3:1].[OH:2][CH2:3][C:4]([Cl:5])([Cl:6])[Cl:7],1.2,18.1
241,241,[CH3:1][CH2:2][CH:3]([CH3:4])[CH2:5][CH3:6].[O:7][CH2:8][C:9]([Cl:10])([Cl:11])[Cl:12]>>[CH2:1][CH2:2][CH:3]([CH3:4])[CH2:5][CH3:6].[OH:7][CH2:8][C:9]([Cl:10])([Cl:11])[Cl:12],-4.2,13.6
242,242,[CH3:1][CH2:2][CH:3]([CH3:4])[CH2:5][CH3:6].[O:7][CH2:8][C:9]([Cl:10])([Cl:11])[Cl:12]>>[CH3:1][CH:2][CH:3]([CH3:4])[CH2:5][CH3:6].[OH:7][CH2:8][C:9]([Cl:10])([Cl:11])[Cl:12],-8.0,11.0
243,243,[CH3:1][CH2:2][CH:3]([CH3:4])[CH2:5][CH3:6].[O:7][CH2:8][C:9]([Cl:10])([Cl:11])[Cl:12]>>[CH3:1][CH2:2][C:3]([CH3:4])[CH2:5][CH3:6].[OH:7][CH2:8][C:9]([Cl:10])([Cl:11])[Cl:12],-10.0,10.2
244,244,[CH3:1][CH2:2][CH:3]([CH3:4])[CH2:5][CH3:6].[O:7][CH2:8][C:9]([Cl:10])([Cl:11])[Cl:12]>>[CH3:1][CH2:2][CH:3]([CH2:4])[CH2:5][CH3:6].[OH:7][CH2:8][C:9]([Cl:10])([Cl:11])[Cl:12],-4.3,13.9
245,245,[CH3:1][CH2:2][CH2:3][CH2:4][O:5][C:6]([CH3:7])=[O:8].[O:9][CH2:10][C:11]([Cl:12])([Cl:13])[Cl:14]>>[CH3:1][CH2:2][CH2:3][CH:4][O:5][C:6]([CH3:7])=[O:8].[OH:9][CH2:10][C:11]([Cl:12])([Cl:13])[Cl:14],-6.5,14.0
246,246,[CH3:1][CH2:2][CH2:3][CH2:4][O:5][C:6]([CH3:7])=[O:8].[O:9][CH2:10][C:11]([Cl:12])([Cl:13])[Cl:14]>>[CH3:1][CH2:2][CH:3][CH2:4][O:5][C:6]([CH3:7])=[O:8].[OH:9][CH2:10][C:11]([Cl:12])([Cl:13])[Cl:14],-6.4,13.2
247,247,[CH3:1][CH2:2][CH2:3][CH2:4][O:5][C:6]([CH3:7])=[O:8].[O:9][CH2:10][C:11]([Cl:12])([Cl:13])[Cl:14]>>[CH3:1][CH:2][CH2:3][CH2:4][O:5][C:6]([CH3:7])=[O:8].[OH:9][CH2:10][C:11]([Cl:12])([Cl:13])[Cl:14],-7.5,12.3
248,248,[CH3:1][CH2:2][CH2:3][CH2:4][O:5][C:6]([CH3:7])=[O:8].[O:9][CH2:10][C:11]([Cl:12])([Cl:13])[Cl:14]>>[CH2:1][CH2:2][CH2:3][CH2:4][O:5][C:6]([CH3:7])=[O:8].[OH:9][CH2:10][C:11]([Cl:12])([Cl:13])[Cl:14],-3.0,14.9
249,249,[CH3:1][CH2:2][CH2:3][CH2:4][O:5][CH2:6][CH3:7].[O:8][CH2:9][C:10]([Cl:11])([Cl:12])[Cl:13]>>[CH3:1][CH2:2][CH2:3][CH:4][O:5][CH2:6][CH3:7].[OH:8][CH2:9][C:10]([Cl:11])([Cl:12])[Cl:13],-10.3,9.2
250,250,[CH2:1]=[CH:2][CH3:3].[O:4][CH2:5][C:6]([Cl:7])([Cl:8])[Cl:9]>>[CH2:1]=[CH:2][CH2:3].[OH:4][CH2:5][C:6]([Cl:7])([Cl:8])[Cl:9],-17.2,11.6
251,251,[CH2:1]=[CH:2][CH2:3][CH3:4].[O:5][CH2:6][C:7]([Cl:8])([Cl:9])[Cl:10]>>[CH2:1]=[CH:2][CH:3][CH3:4].[OH:5][CH2:6][C:7]([Cl:8])([Cl:9])[Cl:10],-21.4,10.2
252,252,[CH2:1]=[CH:2][CH:3]([CH3:4])[CH3:5].[O:6][CH2:7][C:8]([Cl:9])([Cl:10])[Cl:11]>>[CH2:1]=[CH:2][C:3]([CH3:4])[CH3:5].[OH:6][CH2:7][C:8]([Cl:9])([Cl:10])[Cl:11],-23.5,10.6
253,253,[CH3:1][c:2]1[cH:3][cH:4][cH:5][cH:6][cH:7]1.[O:8][CH2:9][C:10]([Cl:11])([Cl:12])[Cl:13]>>[CH2:1][c:2]1[cH:3][cH:4][cH:5][cH:6][cH:7]1.[OH:8][CH2:9][C:10]([Cl:11])([Cl:12])[Cl:13],-13.2,11.6
254,254,[CH3:1][CH2:2][c:3]1[cH:4][cH:5][cH:6][cH:7][cH:8]1.[O:9][CH2:10][C:11]([Cl:12])([Cl:13])[Cl:14]>>[CH3:1][CH:2][c:3]1[cH:4][cH:5][cH:6][cH:7][cH:8]1.[OH:9][CH2:10][C:11]([Cl:12])([Cl:13])[Cl:14],-18.0,9.1
255,255,[CH3:1][CH:2]([CH3:3])[c:4]1[cH:5][cH:6][cH:7][cH:8][cH:9]1.[O:10][CH2:11][C:12]([Cl:13])([Cl:14])[Cl:15]>>[CH3:1][C:2]([CH3:3])[c:4]1[cH:5][cH:6][cH:7][cH:8][cH:9]1.[OH:10][CH2:11][C:12]([Cl:13])([Cl:14])[Cl:15],-18.9,11.7
256,256,[CH2:1]=[C:2]([CH3:3])[CH2:4][CH2:5][CH2:6][CH2:7][CH3:8].[O:9][CH2:10][C:11]([Cl:12])([Cl:13])[Cl:14]>>[CH2:1]=[C:2]([CH2:3])[CH2:4][CH2:5][CH2:6][CH2:7][CH3:8].[OH:9][CH2:10][C:11]([Cl:12])([Cl:13])[Cl:14],-16.6,10.7
257,257,[CH3:1][CH2:2][C:3]([CH3:4])=[O:5].[O:6][CH2:7][C:8]([Cl:9])([Cl:10])[Cl:11]>>[CH3:1][CH2:2][C:3]([CH2:4])=[O:5].[OH:6][CH2:7][C:8]([Cl:9])([Cl:10])[Cl:11],-8.3,16.7
258,258,[CH3:1][CH2:2][C:3]([CH3:4])=[O:5].[O:6][CH2:7][C:8]([Cl:9])([Cl:10])[Cl:11]>>[CH3:1][CH:2][C:3]([CH3:4])=[O:5].[OH:6][CH2:7][C:8]([Cl:9])([Cl:10])[Cl:11],-12.9,15.4
259,259,[CH3:1][CH2:2][CH2:3][CH2:4][CH2:5][C:6]([CH3:7])=[O:8].[O:9][CH2:10][C:11]([Cl:12])([Cl:13])[Cl:14]>>[CH3:1][CH2:2][CH2:3][CH2:4][CH2:5][C:6]([CH2:7])=[O:8].[OH:9][CH2:10][C:11]([Cl:12])([Cl:13])[Cl:14],-8.5,16.5
260,260,[CH3:1][CH2:2][CH2:3][CH2:4][O:5][C:6]([CH3:7])=[O:8].[O:9][CH2:10][C:11]([Cl:12])([Cl:13])[Cl:14]>>[CH3:1][CH2:2][CH2:3][CH2:4][O:5][C:6]([CH2:7])=[O:8].[OH:9][CH2:10][C:11]([Cl:12])([Cl:13])[Cl:14],-4.8,19.4
261,261,[CH3:1][C:2]#[N:3].[O:4][CH2:5][C:6]([Cl:7])([Cl:8])[Cl:9]>>[CH2:1][C:2]#[N:3].[OH:4][CH2:5][C:6]([Cl:7])([Cl:8])[Cl:9],-7.0,19.7
262,262,[CH3:1][CH2:2][C:3]#[N:4].[O:5][CH2:6][C:7]([Cl:8])([Cl:9])[Cl:10]>>[CH3:1][CH:2][C:3]#[N:4].[OH:5][CH2:6][C:7]([Cl:8])([Cl:9])[Cl:10],-13.3,16.7
263,263,[CH3:1][CH:2]([CH3:3])[C:4]#[N:5].[O:6][CH2:7][C:8]([Cl:9])([Cl:10])[Cl:11]>>[CH3:1][C:2]([CH3:3])[C:4]#[N:5].[OH:6][CH2:7][C:8]([Cl:9])([Cl:10])[Cl:11],-18.2,14.9
264,264,[CH3:1][CH3:2].[O:3][CH2:4][C:5]([Cl:6])([Cl:7])[Cl:8]>>[CH2:1][CH3:2].[OH:3][CH2:4][C:5]([Cl:6])([Cl:7])[Cl:8],-4.3,14.4
265,265,[CH3:1][CH2:2][CH3:3].[O:4][CH2:5][C:6]([Cl:7])([Cl:8])[Cl:9]>>[CH3:1][CH:2][CH3:3].[OH:4][CH2:5][C:6]([Cl:7])([Cl:8])[Cl:9],-8.2,12.1
266,266,[CH3:1][CH2:2][CH3:3].[O:4][CH2:5][C:6]([Cl:7])([Cl:8])[Cl:9]>>[CH2:1][CH2:2][CH3:3].[OH:4][CH2:5][C:6]([Cl:7])([Cl:8])[Cl:9],-3.4,14.4
267,267,[CH3:1][CH2:2][c:3]1[cH:4][cH:5][cH:6][cH:7][cH:8]1.[O:9][CH2:10][C:11]([Cl:12])([Cl:13])[Cl:14]>>[CH2:1][CH2:2][c:3]1[cH:4][cH:5][cH:6][cH:7][cH:8]1.[OH:9][CH2:10][C:11]([Cl:12])([Cl:13])[Cl:14],-3.4,15.0
268,268,[CH3:1][CH2:2][O:3][C:4](=[O:5])[c:6]1[cH:7][cH:8][cH:9][cH:10][cH:11]1.[O:12][CH2:13][C:14]([Cl:15])([Cl:16])[Cl:17]>>[CH2:1][CH2:2][O:3][C:4](=[O:5])[c:6]1[cH:7][cH:8][cH:9][cH:10][cH:11]1.[OH:12][CH2:13][C:14]([Cl:15])([Cl:16])[Cl:17],-0.8,17.0
269,269,[CH3:1][CH2:2][O:3][C:4](=[O:5])[c:6]1[cH:7][cH:8][cH:9][cH:10][cH:11]1.[O:12][CH2:13][C:14]([Cl:15])([Cl:16])[Cl:17]>>[CH3:1][CH:2][O:3][C:4](=[O:5])[c:6]1[cH:7][cH:8][cH:9][cH:10][cH:11]1.[OH:12][CH2:13][C:14]([Cl:15])([Cl:16])[Cl:17],-7.1,12.9
270,270,[CH3:1][CH2:2][O:3][C:4](=[O:5])[CH2:6][c:7]1[cH:8][cH:9][cH:10][cH:11][cH:12]1.[O:13][CH2:14][C:15]([Cl:16])([Cl:17])[Cl:18]>>[CH3:1][CH2:2][O:3][C:4](=[O:5])[CH:6][c:7]1[cH:8][cH:9][cH:10][cH:11][cH:12]1.[OH:13][CH2:14][C:15]([Cl:16])([Cl:17])[Cl:18],-17.0,13.0
271,271,[CH3:1][O:2][CH2:3][c:4]1[cH:5][cH:6][cH:7][cH:8][cH:9]1.[O:10][CH2:11][C:12]([Cl:13])([Cl:14])[Cl:15]>>[CH3:1][O:2][CH:3][c:4]1[cH:5][cH:6][cH:7][cH:8][cH:9]1.[OH:10][CH2:11][C:12]([Cl:13])([Cl:14])[Cl:15],-22.2,8.1
272,272,[CH3:1][O:2][CH2:3][c:4]1[cH:5][cH:6][cH:7][cH:8][cH:9]1.[O:10][CH2:11][C:12]([Cl:13])([Cl:14])[Cl:15]>>[CH2:1][O:2][CH2:3][c:4]1[cH:5][cH:6][cH:7][cH:8][cH:9]1.[OH:10][CH2:11][C:12]([Cl:13])([Cl:14])[Cl:15],-9.4,13.8
273,273,[CH3:1][NH:2][C:3](=[O:4])[c:5]1[cH:6][cH:7][cH:8][cH:9][cH:10]1.[O:11][CH2:12][C:13]([Cl:14])([Cl:15])[Cl:16]>>[CH2:1][NH:2][C:3](=[O:4])[c:5]1[cH:6][cH:7][cH:8][cH:9][cH:10]1.[OH:11][CH2:12][C:13]([Cl:14])([Cl:15])[Cl:16],-11.8,12.1
274,274,[CH3:1][C:2](=[O:3])[NH:4][c:5]1[cH:6][cH:7][cH:8][cH:9][cH:10]1.[O:11][CH2:12][C:13]([Cl:14])([Cl:15])[Cl:16]>>[CH2:1][C:2](=[O:3])[NH:4][c:5]1[cH:6][cH:7][cH:8][cH:9][cH:10]1.[OH:11][CH2:12][C:13]([Cl:14])([Cl:15])[Cl:16],-7.1,16.3
275,275,[CH3:1][NH:2][C:3]([CH3:4])=[O:5].[O:6][CH2:7][C:8]([Cl:9])([Cl:10])[Cl:11]>>[CH2:1][NH:2][C:3]([CH3:4])=[O:5].[OH:6][CH2:7][C:8]([Cl:9])([Cl:10])[Cl:11],-10.6,11.2
276,276,[CH3:1][NH:2][C:3]([CH3:4])=[O:5].[O:6][CH2:7][C:8]([Cl:9])([Cl:10])[Cl:11]>>[CH3:1][NH:2][C:3]([CH2:4])=[O:5].[OH:6][CH2:7][C:8]([Cl:9])([Cl:10])[Cl:11],-5.6,18.6
277,277,[CH3:1][CH2:2][S:3][CH2:4][CH3:5].[O:6][CH2:7][C:8]([Cl:9])([Cl:10])[Cl:11]>>[CH3:1][CH:2][S:3][CH2:4][CH3:5].[OH:6][CH2:7][C:8]([Cl:9])([Cl:10])[Cl:11],-11.7,10.2
278,278,[CH2:1]1[CH2:2][CH2:3][CH2:4][CH2:5]1.[O:6][CH2:7][C:8]([Cl:9])([Cl:10])[Cl:11]>>[CH:1]1[CH2:2][CH2:3][CH2:4][CH2:5]1.[OH:6][CH2:7][C:8]([Cl:9])([Cl:10])[Cl:11],-9.8,10.7
279,279,[CH3:1][CH:2]1[CH2:3][CH2:4][CH2:5][CH2:6]1.[O:7][CH2:8][C:9]([Cl:10])([Cl:11])[Cl:12]>>[CH3:1][C:2]1[CH2:3][CH2:4][CH2:5][CH2:6]1.[OH:7][CH2:8][C:9]([Cl:10])([Cl:11])[Cl:12],-7.7,11.8
280,280,[CH3:1][CH:2]1[CH2:3][CH2:4][CH2:5][CH2:6][CH2:7]1.[O:8][CH2:9][C:10]([Cl:11])([Cl:12])[Cl:13]>>[CH3:1][C:2]1[CH2:3][CH2:4][CH2:5][CH2:6][CH2:7]1.[OH:8][CH2:9][C:10]([Cl:11])([Cl:12])[Cl:13],-10.6,10.6
281,281,[CH3:1][C:2]([CH3:3])([CH3:4])[CH:5]1[CH2:6][CH2:7][CH2:8][CH2:9][CH2:10]1.[O:11][CH2:12][C:13]([Cl:14])([Cl:15])[Cl:16]>>[CH3:1][C:2]([CH3:3])([CH3:4])[C:5]1[CH2:6][CH2:7][CH2:8][CH2:9][CH2:10]1.[OH:11][CH2:12][C:13]([Cl:14])([Cl:15])[Cl:16],-10.1,12.1
282,282,[CH3:1][C@H:2]1[CH2:3][CH2:4][CH2:5][CH2:6][C@@H:7]1[CH3:8].[O:9][CH2:10][C:11]([Cl:12])([Cl:13])[Cl:14]>>[CH3:1][C:2]1[CH2:3][CH2:4][CH2:5][CH2:6][C@@H:7]1[CH3:8].[OH:9][CH2:10][C:11]([Cl:12])([Cl:13])[Cl:14],-10.1,10.6
283,283,[CH3:1][C@H:2]1[CH2:3][CH2:4][CH2:5][CH2:6][C@H:7]1[CH3:8].[O:9][CH2:10][C:11]([Cl:12])([Cl:13])[Cl:14]>>[CH3:1][C:2]1[CH2:3][CH2:4][CH2:5][CH2:6][C@@H:7]1[CH3:8].[OH:9][CH2:10][C:11]([Cl:12])([Cl:13])[Cl:14],-11.2,9.3
284,284,[CH3:1][C@H:2]1[CH2:3][CH2:4][C@H:5]([CH3:6])[CH2:7][CH2:8]1.[O:9][CH2:10][C:11]([Cl:12])([Cl:13])[Cl:14]>>[CH3:1][C:2]1[CH2:3][CH2:4][CH:5]([CH3:6])[CH2:7][CH2:8]1.[OH:9][CH2:10][C:11]([Cl:12])([Cl:13])[Cl:14],-10.7,10.2
285,285,[CH3:1][C@H:2]1[CH2:3][CH2:4][C@@H:5]([CH3:6])[CH2:7][CH2:8]1.[O:9][CH2:10][C:11]([Cl:12])([Cl:13])[Cl:14]>>[CH3:1][C:2]1[CH2:3][CH2:4][CH:5]([CH3:6])[CH2:7][CH2:8]1.[OH:9][CH2:10][C:11]([Cl:12])([Cl:13])[Cl:14],-12.4,9.6
286,286,[NH2:1][CH2:2][CH2:3][CH2:4][NH2:5].[O:6][CH2:7][C:8]([Cl:9])([Cl:10])[Cl:11]>>[NH2:1][CH:2][CH2:3][CH2:4][NH2:5].[OH:6][CH2:7][C:8]([Cl:9])([Cl:10])[Cl:11],-14.6,9.6
287,287,[CH3:1][N:2]([CH3:3])[CH:4]=[O:5].[O:6][CH2:7][C:8]([Cl:9])([Cl:10])[Cl:11]>>[CH2:1][N:2]([CH3:3])[CH:4]=[O:5].[OH:6][CH2:7][C:8]([Cl:9])([Cl:10])[Cl:11],-11.2,12.1
288,288,[CH3:1][C:2](=[O:3])[N:4]([CH3:5])[CH3:6].[O:7][CH2:8][C:9]([Cl:10])([Cl:11])[Cl:12]>>[CH3:1][C:2](=[O:3])[N:4]([CH2:5])[CH3:6].[OH:7][CH2:8][C:9]([Cl:10])([Cl:11])[Cl:12],-11.8,11.1
289,289,[CH3:1][CH2:2][N:3]([CH:4]=[O:5])[CH2:6][CH3:7].[O:8][CH2:9][C:10]([Cl:11])([Cl:12])[Cl:13]>>[CH3:1][CH:2][N:3]([CH:4]=[O:5])[CH2:6][CH3:7].[OH:8][CH2:9][C:10]([Cl:11])([Cl:12])[Cl:13],-13.7,11.1
290,290,[CH3:1][CH2:2][N:3]([CH2:4][CH3:5])[C:6]([CH3:7])=[O:8].[O:9][CH2:10][C:11]([Cl:12])([Cl:13])[Cl:14]>>[CH3:1][CH:2][N:3]([CH2:4][CH3:5])[C:6]([CH3:7])=[O:8].[OH:9][CH2:10][C:11]([Cl:12])([Cl:13])[Cl:14],-14.0,10.5
291,291,[CH3:1][CH2:2][C:3](=[O:4])[N:5]([CH3:6])[CH3:7].[O:8][CH2:9][C:10]([Cl:11])([Cl:12])[Cl:13]>>[CH3:1][CH2:2][C:3](=[O:4])[N:5]([CH2:6])[CH3:7].[OH:8][CH2:9][C:10]([Cl:11])([Cl:12])[Cl:13],-12.6,10.0
292,292,[CH3:1][CH:2]([CH3:3])[C:4](=[O:5])[N:6]([CH3:7])[CH3:8].[O:9][CH2:10][C:11]([Cl:12])([Cl:13])[Cl:14]>>[CH3:1][CH:2]([CH3:3])[C:4](=[O:5])[N:6]([CH2:7])[CH3:8].[OH:9][CH2:10][C:11]([Cl:12])([Cl:13])[Cl:14],-12.3,9.2
293,293,[CH3:1][N:2]([CH3:3])[C:4](=[O:5])[C:6]([CH3:7])([CH3:8])[CH3:9].[O:10][CH2:11][C:12]([Cl:13])([Cl:14])[Cl:15]>>[CH2:1][N:2]([CH3:3])[C:4](=[O:5])[C:6]([CH3:7])([CH3:8])[CH3:9].[OH:10][CH2:11][C:12]([Cl:13])([Cl:14])[Cl:15],-11.6,11.4
294,294,[CH3:1][N:2]([CH3:3])[C:4](=[O:5])[CH2:6][C:7]([CH3:8])([CH3:9])[CH3:10].[O:11][CH2:12][C:13]([Cl:14])([Cl:15])[Cl:16]>>[CH2:1][N:2]([CH3:3])[C:4](=[O:5])[CH2:6][C:7]([CH3:8])([CH3:9])[CH3:10].[OH:11][CH2:12][C:13]([Cl:14])([Cl:15])[Cl:16],-12.7,10.6
295,295,[CH2:1]1[CH2:2][CH2:3][CH2:4][CH2:5][CH2:6][CH2:7][CH2:8]1.[O:9][CH2:10][C:11]([Cl:12])([Cl:13])[Cl:14]>>[CH:1]1[CH2:2][CH2:3][CH2:4][CH2:5][CH2:6][CH2:7][CH2:8]1.[OH:9][CH2:10][C:11]([Cl:12])([Cl:13])[Cl:14],-10.9,10.7
296,296,[CH3:1][CH2:2][N:3]([CH3:4])[C:5]([CH3:6])=[O:7].[O:8][CH2:9][C:10]([Cl:11])([Cl:12])[Cl:13]>>[CH2:1][CH2:2][N:3]([CH3:4])[C:5]([CH3:6])=[O:7].[OH:8][CH2:9][C:10]([Cl:11])([Cl:12])[Cl:13],-11.1,11.8
297,297,[CH3:1][CH2:2][CH2:3][CH2:4][CH2:5][NH2:6].[O:7][CH2:8][C:9]([Cl:10])([Cl:11])[Cl:12]>>[CH3:1][CH2:2][CH2:3][CH2:4][CH:5][NH2:6].[OH:7][CH2:8][C:9]([Cl:10])([Cl:11])[Cl:12],-13.3,10.7
298,298,[NH2:1][CH2:2][CH2:3][CH2:4][CH2:5][OH:6].[O:7][CH2:8][C:9]([Cl:10])([Cl:11])[Cl:12]>>[NH2:1][CH:2][CH2:3][CH2:4][CH2:5][OH:6].[OH:7][CH2:8][C:9]([Cl:10])([Cl:11])[Cl:12],-13.3,11.4
299,299,[CH2:1]1[CH2:2][CH2:3][O:4][CH2:5]1.[O:6][CH2:7][C:8]([Cl:9])([Cl:10])[Cl:11]>>[CH2:1]1[CH2:2][CH2:3][O:4][CH:5]1.[OH:6][CH2:7][C:8]([Cl:9])([Cl:10])[Cl:11],-11.0,10.0
