,rxn_id,SMIRKS,condition,class_I,class_II,two_reacs,one_rad,not_spectator,rxn_smiles,HAT,elem_surrogate,no_paton_data,specific_rxn,formal_charges
2,409,"[H:5][C:4]([H:6])([C:3]([H:8])([C:2](=[CH2:1])[CH3:12])[O:9][O:10][H:11])[OH:7].[H:14][O:13]>>[H:5][C:4]([H:6])([C:3]([C:2](=[CH2:1])[CH3:12])[O:9][O:10][H:11])[OH:7].[H:14][O:13][H:8] 13-13,8; 3,8-13,8; 3,8-3",Room Temperature,Propagation,abstraction,True,True,True,C=C(C)C(CO)OO.[OH]>>C=C(C)[C](CO)OO.O,True,True,False,True,False
3,419,"[H:11][C:10]([H:12])([CH:9]=[C:2]([CH3:1])[C:3]([H:4])([H:5])[O:6][O:7][H:8])[OH:13].[H:14][O:15]>>[H:11][C:10]([H:12])([CH:9]=[C:2]([CH3:1])[C:3]([H:4])([H:5])[O:6][O:7])[OH:13].[H:14][O:15][H:8] 15-15,8; 7,8-15,8; 7,8-7",Room Temperature,Propagation,abstraction,True,True,True,CC(=CCO)COO.[OH]>>CC(=CCO)CO[O].O,True,True,False,True,False
4,420,"[H:13][CH:12]([CH:11]=[C:4]([CH3:3])[C:5]([H:6])([H:7])[O:8][O:9][H:10])[OH:14].[H:1][O:2]>>[H:13][CH:12]([CH:11]=[C:4]([CH3:3])[C:5]([H:6])[O:8][O:9][H:10])[OH:14].[H:1][O:2][H:7] 2-2,7; 5,7-2,7; 5,7-5",Room Temperature,Propagation,abstraction,True,True,True,CC(=CCO)COO.[OH]>>CC([CH]OO)=CCO.O,True,True,False,True,False
5,422,"[H:20][CH:21](C(C)(C1CO1)O)O.[OH:10]>>[H:20][OH:10].CC([CH:21]O)(C1CO1)O 10-10,20;20,21-10,20;20,21-21",Room Temperature,Propagation,abstraction,True,True,True,CC(O)(CO)C1CO1.[OH]>>CC(O)([CH]O)C1CO1.O,True,True,False,True,False
6,424,"[H:20][CH:21](C(C1(CO1)C)O)O.[OH:10]>>[H:20][OH:10].CC1(CO1)C([CH:21]O)O 10-10,20;20,21-10,20;20,21-21",Room Temperature,Propagation,abstraction,True,True,True,CC1(C(O)CO)CO1.[OH]>>CC1(C(O)[CH]O)CO1.O,True,True,False,True,False
7,426,"[H:6][C:3]([CH2:4][OH:5])([C:2]1([CH2:8][O:9]1)[CH3:1])[OH:7].[H:10][O:11]>>[H:10][O:11][H:6].[CH3:1][C:2]1([CH2:8][O:9]1)[C:3]([CH2:4][OH:5])[OH:7] 11-11,6; 6,3-3; 6,3-11,6",Room Temperature,Propagation,abstraction,True,True,True,CC1(C(O)CO)CO1.[OH]>>CC1([C](O)CO)CO1.O,True,True,False,True,False
8,462,"[H:8][CH:7]([CH:5]1[C:3]([O:6]1)([CH3:4])[CH2:2][OH:1])[OH:9].[H:11][O:10]>>[H:11][O:10][H:8].[CH3:4][C:3]1([CH:5]([O:6]1)[CH:7][OH:9])[CH2:2][OH:1] 10-8,10;7,8-8,10;7,8-7",Room Temperature,Propagation,abstraction,True,True,True,CC1(CO)OC1CO.[OH]>>CC1(CO)OC1[CH]O.O,True,True,False,True,False
9,463,"[H:3][CH:2]([C:4]1([CH:6]([O:7]1)[CH2:8][OH:9])[CH3:5])[OH:1].[H:11][O:10]>>[H:11][O:10][H:3].[CH3:5][C:4]1([CH:6]([O:7]1)[CH2:8][OH:9])[CH:2][OH:1] 10-3,10;2,3-3,10;2,3-2",Room Temperature,Propagation,abstraction,True,True,True,CC1(CO)OC1CO.[OH]>>CC1([CH]O)OC1CO.O,True,True,False,True,False
10,498,"[H:20][CH:21](C(C)(C=O)O)O.[OH:10]>>[H:20][OH:10].CC([CH:21]O)(C=O)O 10-10,20;20,21-10,20;20,21-21",Room Temperature,Propagation,abstraction,True,True,True,CC(O)(C=O)CO.[OH]>>CC(O)([CH]O)C=O.O,True,True,False,True,False
14,749,"[H:20][CH2:21]O.[OH:10]>>[H:20][OH:10].[CH2:21]O 10-10,20;20,21-10,20;20,21-21",Room Temperature,Propagation,abstraction,True,True,True,CO.[OH]>>[CH2]O.O,True,True,False,True,False
15,751,"[H:20][CH:21](C)O.[OH:10]>>[H:20][OH:10].C[CH:21]O 10-10,20;20,21-10,20;20,21-21",Room Temperature,Propagation,abstraction,True,True,True,CCO.[OH]>>C[CH]O.O,True,True,False,True,False
16,753,"[H:20][CH:21](CC)O.[OH:10]>>[H:20][OH:10].CC[CH:21]O 10-10,20;20,21-10,20;20,21-21",Room Temperature,Propagation,abstraction,True,True,True,CCCO.[OH]>>CC[CH]O.O,True,True,False,True,False
17,755,"[H:20][CH2:21]CCO.[OH:10]>>[H:20][OH:10].[CH2:21]CCO 10-10,20;20,21-10,20;20,21-21",Room Temperature,Propagation,abstraction,True,True,True,CCCO.[OH]>>[CH2]CCO.O,True,True,False,True,False
18,757,"[H:20][CH:21](C)CO.[OH:10]>>[H:20][OH:10].C[CH:21]CO 10-10,20;20,21-10,20;20,21-21",Room Temperature,Propagation,abstraction,True,True,True,CCCO.[OH]>>C[CH]CO.O,True,True,False,True,False
19,759,"[H:20][C:21](C)(C)O.[OH:10]>>[H:20][OH:10].C[C:21](C)O 10-10,20;20,21-10,20;20,21-21",Room Temperature,Propagation,abstraction,True,True,True,CC(C)O.[OH]>>C[C](C)O.O,True,True,False,True,False
20,761,"[H:20][CH2:21]C(C)O.[OH:10]>>[H:20][OH:10].CC([CH2:21])O 10-10,20;20,21-10,20;20,21-21",Room Temperature,Propagation,abstraction,True,True,True,CC(C)O.[OH]>>[CH2]C(C)O.O,True,True,False,True,False
21,763,"[H:20][CH:21](CCC)O.[OH:10]>>[H:20][OH:10].CCC[CH:21]O 10-10,20;20,21-10,20;20,21-21",Room Temperature,Propagation,abstraction,True,True,True,CCCCO.[OH]>>CCC[CH]O.O,True,True,False,True,False
22,765,"[H:20][CH:21](CC)CO.[OH:10]>>[H:20][OH:10].CC[CH:21]CO 10-10,20;20,21-10,20;20,21-21",Room Temperature,Propagation,abstraction,True,True,True,CCCCO.[OH]>>CC[CH]CO.O,True,True,False,True,False
23,767,"[H:20][CH:21](C)CCO.[OH:10]>>[H:20][OH:10].C[CH:21]CCO 10-10,20;20,21-10,20;20,21-21",Room Temperature,Propagation,abstraction,True,True,True,CCCCO.[OH]>>C[CH]CCO.O,True,True,False,True,False
24,769,"[H:20][CH:21](C)C(C)O.[OH:10]>>[H:20][OH:10].C[CH:21]C(C)O 10-10,20;20,21-10,20;20,21-21",Room Temperature,Propagation,abstraction,True,True,True,CCC(C)O.[OH]>>C[CH]C(C)O.O,True,True,False,True,False
25,771,"[H:20][C:21](C)(CC)O.[OH:10]>>[H:20][OH:10].CC[C:21](C)O 10-10,20;20,21-10,20;20,21-21",Room Temperature,Propagation,abstraction,True,True,True,CCC(C)O.[OH]>>CC[C](C)O.O,True,True,False,True,False
26,773,"[H:20][CH:21](C(C)C)O.[OH:10]>>[H:20][OH:10].CC(C)[CH:21]O 10-10,20;20,21-10,20;20,21-21",Room Temperature,Propagation,abstraction,True,True,True,CC(C)CO.[OH]>>CC(C)[CH]O.O,True,True,False,True,False
27,775,"[H:20][C:21](C)(C)CO.[OH:10]>>[H:20][OH:10].C[C:21](C)CO 10-10,20;20,21-10,20;20,21-21",Room Temperature,Propagation,abstraction,True,True,True,CC(C)CO.[OH]>>C[C](C)CO.O,True,True,False,True,False
28,777,"[H:20][CH2:21]C(C)CO.[OH:10]>>[H:20][OH:10].CC([CH2:21])CO 10-10,20;20,21-10,20;20,21-21",Room Temperature,Propagation,abstraction,True,True,True,CC(C)CO.[OH]>>[CH2]C(C)CO.O,True,True,False,True,False
29,779,"[H:20][CH2:21]C(C)(C)O.[OH:10]>>[H:20][OH:10].CC(C)([CH2:21])O 10-10,20;20,21-10,20;20,21-21",Room Temperature,Propagation,abstraction,True,True,True,CC(C)(C)O.[OH]>>[CH2]C(C)(C)O.O,True,True,False,True,False
30,781,"[H:20][CH:21](C(C)CC)O.[OH:10]>>[H:20][OH:10].CCC(C)[CH:21]O 10-10,20;20,21-10,20;20,21-21",Room Temperature,Propagation,abstraction,True,True,True,CCC(C)CO.[OH]>>CCC(C)[CH]O.O,True,True,False,True,False
31,783,"[H:20][C:21](C)(CC)CO.[OH:10]>>[H:20][OH:10].CC[C:21](C)CO 10-10,20;20,21-10,20;20,21-21",Room Temperature,Propagation,abstraction,True,True,True,CCC(C)CO.[OH]>>CC[C](C)CO.O,True,True,False,True,False
32,785,"[H:20][CH:21](C)C(C)CO.[OH:10]>>[H:20][OH:10].C[CH:21]C(C)CO 10-10,20;20,21-10,20;20,21-21",Room Temperature,Propagation,abstraction,True,True,True,CCC(C)CO.[OH]>>C[CH]C(C)CO.O,True,True,False,True,False
33,787,"[H:8][C:7]([H:9])([H:10])[CH2:6][C:4]([CH3:3])([CH3:11])[OH:5].[H:2][O:1]>>[H:8][C:7]([H:9])[CH2:6][C:4]([CH3:3])([CH3:11])[OH:5].[H:2][O:1][H:10] 7,10-7; 7,10-10,1; 1-10,1",Room Temperature,Propagation,abstraction,True,True,True,CCC(C)(C)O.[OH]>>[CH2]CC(C)(C)O.O,True,True,False,True,False
34,789,"[H:20][CH:21](CC(C)C)O.[OH:10]>>[H:20][OH:10].CC(C)C[CH:21]O 10-10,20;20,21-10,20;20,21-21",Room Temperature,Propagation,abstraction,True,True,True,CC(C)CCO.[OH]>>CC(C)C[CH]O.O,True,True,False,True,False
35,791,"[H:20][C:21](C)(C)CCO.[OH:10]>>[H:20][OH:10].C[C:21](C)CCO 10-10,20;20,21-10,20;20,21-21",Room Temperature,Propagation,abstraction,True,True,True,CC(C)CCO.[OH]>>C[C](C)CCO.O,True,True,False,True,False
36,793,"[H:20][CH:21](CO)C(C)C.[OH:10]>>[H:20][OH:10].CC(C)[CH:21]CO 10-10,20;20,21-10,20;20,21-21",Room Temperature,Propagation,abstraction,True,True,True,CC(C)CCO.[OH]>>CC(C)[CH]CO.O,True,True,False,True,False
37,797,"[H:20][CH:21](C)C(C)(C)O.[OH:10]>>[H:20][OH:10].C[CH:21]C(C)(C)O 10-10,20;20,21-10,20;20,21-21",Room Temperature,Propagation,abstraction,True,True,True,CCC(C)(C)O.[OH]>>C[CH]C(C)(C)O.O,True,True,False,True,False
38,799,"[H:20][CH2:21]C(C)(CC)O.[OH:10]>>[H:20][OH:10].CCC(C)([CH2:21])O 10-10,20;20,21-10,20;20,21-21",Room Temperature,Propagation,abstraction,True,True,True,CCC(C)(C)O.[OH]>>[CH2]C(C)(O)CC.O,True,True,False,True,False
39,801,"[H:20][CH2:21]C(C)C(C)O.[OH:10]>>[H:20][OH:10].CC([CH2:21])C(C)O 10-10,20;20,21-10,20;20,21-21",Room Temperature,Propagation,abstraction,True,True,True,CC(C)C(C)O.[OH]>>[CH2]C(C)C(C)O.O,True,True,False,True,False
40,803,"[H:20][C:21](C)(C)C(C)O.[OH:10]>>[H:20][OH:10].CC([C:21](C)C)O 10-10,20;20,21-10,20;20,21-21",Room Temperature,Propagation,abstraction,True,True,True,CC(C)C(C)O.[OH]>>C[C](C)C(C)O.O,True,True,False,True,False
41,805,"[H:20][C:21](C)(C(C)C)O.[OH:10]>>[H:20][OH:10].CC(C)[C:21](C)O 10-10,20;20,21-10,20;20,21-21",Room Temperature,Propagation,abstraction,True,True,True,CC(C)C(C)O.[OH]>>C[C](O)C(C)C.O,True,True,False,True,False
42,807,"[H:4][C:3]1([CH2:5][CH2:6][CH2:7][CH2:8][CH:2]1[OH:1])[H:9].[H:11][O:10]>>[H:4][C:3]1[CH2:5][CH2:6][CH2:7][CH2:8][CH:2]1[OH:1].[H:11][O:10][H:9] 3,9-3; 3,9-9,10; 10-9,10",Room Temperature,Propagation,abstraction,True,True,True,OC1CCCCC1.[OH]>>OC1[CH]CCCC1.O,True,True,False,True,False
43,809,"[H:20][C:21]1(O)CCCCC1.[OH:10]>>O[C:21]1CCCCC1.[H:20][OH:10] 10-10,20;20,21-10,20;20,21-21",Room Temperature,Propagation,abstraction,True,True,True,OC1CCCCC1.[OH]>>O[C]1CCCCC1.O,True,True,False,True,False
44,811,"[H:20][CH:21](C(=O)C)C(C)(C)O.[OH:10]>>[H:20][OH:10].CC(=O)[CH:21]C(C)(C)O 10-10,20;20,21-10,20;20,21-21",Room Temperature,Propagation,abstraction,True,True,True,CC(=O)CC(C)(C)O.[OH]>>CC(=O)[CH]C(C)(C)O.O,True,True,False,True,False
45,813,"[H:20][CH2:21]C(C)(CC(=O)C)O.[OH:10]>>[H:20][OH:10].CC(=O)CC(C)([CH2:21])O 10-10,20;20,21-10,20;20,21-21",Room Temperature,Propagation,abstraction,True,True,True,CC(=O)CC(C)(C)O.[OH]>>[CH2]C(C)(O)CC(C)=O.O,True,True,False,True,False
46,815,"[H:20][CH:21](CO)O.[OH:10]>>[H:20][OH:10].C([CH:21]O)O 10-10,20;20,21-10,20;20,21-21",Room Temperature,Propagation,abstraction,True,True,True,OCCO.[OH]>>O[CH]CO.O,True,True,False,True,False
47,817,"[H:20][C:21](C)(CO)O.[OH:10]>>[H:20][OH:10].C[C:21](CO)O 10-10,20;20,21-10,20;20,21-21",Room Temperature,Propagation,abstraction,True,True,True,CC(O)CO.[OH]>>C[C](O)CO.O,True,True,False,True,False
48,819,"[H:20][CH:21](C(C)O)O.[OH:10]>>[H:20][OH:10].CC([CH:21]O)O 10-10,20;20,21-10,20;20,21-21",Room Temperature,Propagation,abstraction,True,True,True,CC(O)CO.[OH]>>CC(O)[CH]O.O,True,True,False,True,False
50,824,"[H:20][CH:21]=O.[OH:10]>>[H:20][OH:10].[CH:21]=O 10-10,20;20,21-10,20;20,21-21",Room Temperature,Propagation,abstraction,True,True,True,C=O.[OH]>>[CH]=O.O,True,True,False,True,False
51,825,"[H:20][C:21](=O)C.[OH:10]>>[H:20][OH:10].C[C:21]=O 10-10,20;20,21-10,20;20,21-21",Room Temperature,Propagation,abstraction,True,True,True,CC=O.[OH]>>C[C]=O.O,True,True,False,True,False
54,830,"[H:20][C:21](=O)CC.[OH:10]>>[H:20][OH:10].CC[C:21]=O 10-10,20;20,21-10,20;20,21-21",Room Temperature,Propagation,abstraction,True,True,True,CCC=O.[OH]>>CC[C]=O.O,True,True,False,True,False
56,833,"[H:20][C:21](=O)CCC.[OH:10]>>[H:20][OH:10].CCC[C:21]=O 10-10,20;20,21-10,20;20,21-21",Room Temperature,Propagation,abstraction,True,True,True,CCCC=O.[OH]>>CCC[C]=O.O,True,True,False,True,False
57,834,"[H:20][CH:21](C)CC=O.[OH:10]>>[H:20][OH:10].C[CH:21]CC=O 10-10,20;20,21-10,20;20,21-21",Room Temperature,Propagation,abstraction,True,True,True,CCCC=O.[OH]>>C[CH]CC=O.O,True,True,False,True,False
60,841,"[H:20][C:21](=O)CCCC.[OH:10]>>[H:20][OH:10].CCCC[C:21]=O 10-10,20;20,21-10,20;20,21-21",Room Temperature,Propagation,abstraction,True,True,True,CCCCC=O.[OH]>>CCCC[C]=O.O,True,True,False,True,False
61,842,"[H:20][CH:21](CC)CC=O.[OH:10]>>[H:20][OH:10].CC[CH:21]CC=O 10-10,20;20,21-10,20;20,21-21",Room Temperature,Propagation,abstraction,True,True,True,CCCCC=O.[OH]>>CC[CH]CC=O.O,True,True,False,True,False
63,846,"[H:20][C:21](=O)C=C.[OH:10]>>[H:20][OH:10].C=C[C:21]=O 10-10,20;20,21-10,20;20,21-21",Room Temperature,Propagation,abstraction,True,True,True,C=CC=O.[OH]>>C=C[C]=O.O,True,True,False,True,False
65,852,"[H:20][C:21](=O)C(=C)C.[OH:10]>>[H:20][OH:10].CC(=C)[C:21]=O 10-10,20;20,21-10,20;20,21-21",Room Temperature,Propagation,abstraction,True,True,True,C=C(C)C=O.[OH]>>C=C(C)[C]=O.O,True,True,False,True,False
67,857,"[H:20][CH3:21].[OH:10]>>[H:20][OH:10].[CH3:21] 10-10,20;20,21-10,20;20,21-21",Room Temperature,Propagation,abstraction,True,True,True,C.[OH]>>[CH3].O,True,True,False,True,False
69,861,"[H:20][CH2:21]C.[OH:10]>>[H:20][OH:10].C[CH2:21] 10-10,20;20,21-10,20;20,21-21",Room Temperature,Propagation,abstraction,True,True,True,CC.[OH]>>[CH2]C.O,True,True,False,True,False
72,866,"[H:20][CH2:21]CC.[OH:10]>>[H:20][OH:10].CC[CH2:21] 10-10,20;20,21-10,20;20,21-21",Room Temperature,Propagation,abstraction,True,True,True,CCC.[OH]>>[CH2]CC.O,True,True,False,True,False
73,867,"[H:20][CH:21](C)C.[OH:10]>>[H:20][OH:10].C[CH:21]C 10-10,20;20,21-10,20;20,21-21",Room Temperature,Propagation,abstraction,True,True,True,CCC.[OH]>>C[CH]C.O,True,True,False,True,False
76,870,"[H:20][CH2:21]CCC.[OH:10]>>[H:20][OH:10].CCC[CH2:21] 10-10,20;20,21-10,20;20,21-21",Room Temperature,Propagation,abstraction,True,True,True,CCCC.[OH]>>[CH2]CCC.O,True,True,False,True,False
77,871,"[H:20][CH:21](C)CC.[OH:10]>>[H:20][OH:10].CC[CH:21]C 10-10,20;20,21-10,20;20,21-21",Room Temperature,Propagation,abstraction,True,True,True,CCCC.[OH]>>C[CH]CC.O,True,True,False,True,False
79,875,"[H:20][CH2:21]C(C)C.[OH:10]>>[H:20][OH:10].CC(C)[CH2:21] 10-10,20;20,21-10,20;20,21-21",Room Temperature,Propagation,abstraction,True,True,True,CC(C)C.[OH]>>[CH2]C(C)C.O,True,True,False,True,False
81,877,"[H:20][C:21](C)(C)C.[OH:10]>>[H:20][OH:10].C[C:21](C)C 10-10,20;20,21-10,20;20,21-21",Room Temperature,Propagation,abstraction,True,True,True,CC(C)C.[OH]>>C[C](C)C.O,True,True,False,True,False
83,881,"[H:20][CH2:21]CCCC.[OH:10]>>[H:20][OH:10].CCCC[CH2:21] 10-10,20;20,21-10,20;20,21-21",Room Temperature,Propagation,abstraction,True,True,True,CCCCC.[OH]>>[CH2]CCCC.O,True,True,False,True,False
85,884,"[H:20][CH:21](C)CCC.[OH:10]>>[H:20][OH:10].CCC[CH:21]C 10-10,20;20,21-10,20;20,21-21",Room Temperature,Propagation,abstraction,True,True,True,CCCCC.[OH]>>C[CH]CCC.O,True,True,False,True,False
87,887,"[H:20][CH:21](CC)CC.[OH:10]>>[H:20][OH:10].CC[CH:21]CC 10-10,20;20,21-10,20;20,21-21",Room Temperature,Propagation,abstraction,True,True,True,CCCCC.[OH]>>CC[CH]CC.O,True,True,False,True,False
89,890,"[H:20][CH2:21]C(C)CC.[OH:10]>>[H:20][OH:10].CCC(C)[CH2:21] 10-10,20;20,21-10,20;20,21-21",Room Temperature,Propagation,abstraction,True,True,True,CCC(C)C.[OH]>>[CH2]C(C)CC.O,True,True,False,True,False
90,892,"[H:20][CH:21](C)C(C)C.[OH:10]>>[H:20][OH:10].C[CH:21]C(C)C 10-10,20;20,21-10,20;20,21-21",Room Temperature,Propagation,abstraction,True,True,True,CCC(C)C.[OH]>>C[CH]C(C)C.O,True,True,False,True,False
93,896,"[H:20][C:21](C)(C)CC.[OH:10]>>[H:20][OH:10].CC[C:21](C)C 10-10,20;20,21-10,20;20,21-21",Room Temperature,Propagation,abstraction,True,True,True,CCC(C)C.[OH]>>CC[C](C)C.O,True,True,False,True,False
95,899,"[H:20][CH2:21]C(C)(C)C.[OH:10]>>[H:20][OH:10].CC(C)(C)[CH2:21] 10-10,20;20,21-10,20;20,21-21",Room Temperature,Propagation,abstraction,True,True,True,CC(C)(C)C.[OH]>>[CH2]C(C)(C)C.O,True,True,False,True,False
100,905,"[H:20][CH2:21]C(C)CCC.[OH:10]>>[H:20][OH:10].CCCC(C)[CH2:21] 10-10,20;20,21-10,20;20,21-21",Room Temperature,Propagation,abstraction,True,True,True,CCCC(C)C.[OH]>>[CH2]C(C)CCC.O,True,True,False,True,False
101,906,"[H:20][CH:21](C)CC(C)C.[OH:10]>>[H:20][OH:10].C[CH:21]CC(C)C 10-10,20;20,21-10,20;20,21-21",Room Temperature,Propagation,abstraction,True,True,True,CCCC(C)C.[OH]>>C[CH]CC(C)C.O,True,True,False,True,False
102,907,"[H:20][CH:21](CC)C(C)C.[OH:10]>>[H:20][OH:10].CC[CH:21]C(C)C 10-10,20;20,21-10,20;20,21-21",Room Temperature,Propagation,abstraction,True,True,True,CCCC(C)C.[OH]>>CC[CH]C(C)C.O,True,True,False,True,False
103,908,"[H:20][C:21](C)(C)CCC.[OH:10]>>[H:20][OH:10].CCC[C:21](C)C 10-10,20;20,21-10,20;20,21-21",Room Temperature,Propagation,abstraction,True,True,True,CCCC(C)C.[OH]>>CCC[C](C)C.O,True,True,False,True,False
107,916,"[H:20][CH2:21]CC(C)CC.[OH:10]>>[H:20][OH:10].CCC(C)C[CH2:21] 10-10,20;20,21-10,20;20,21-21",Room Temperature,Propagation,abstraction,True,True,True,CCC(C)CC.[OH]>>[CH2]CC(C)CC.O,True,True,False,True,False
108,917,"[H:20][CH:21](C)C(C)CC.[OH:10]>>[H:20][OH:10].CCC(C)[CH:21]C 10-10,20;20,21-10,20;20,21-21",Room Temperature,Propagation,abstraction,True,True,True,CCC(C)CC.[OH]>>C[CH]C(C)CC.O,True,True,False,True,False
109,918,"[H:20][C:21](C)(CC)CC.[OH:10]>>[H:20][OH:10].CC[C:21](C)CC 10-10,20;20,21-10,20;20,21-21",Room Temperature,Propagation,abstraction,True,True,True,CCC(C)CC.[OH]>>CC[C](C)CC.O,True,True,False,True,False
113,925,"[H:20][CH:21](C)C(C)(C)C.[OH:10]>>[H:20][OH:10].C[CH:21]C(C)(C)C 10-10,20;20,21-10,20;20,21-21",Room Temperature,Propagation,abstraction,True,True,True,CCC(C)(C)C.[OH]>>C[CH]C(C)(C)C.O,True,True,False,True,False
114,926,"[H:20][CH2:21]CC(C)(C)C.[OH:10]>>[H:20][OH:10].CC(C)(C)C[CH2:21] 10-10,20;20,21-10,20;20,21-21",Room Temperature,Propagation,abstraction,True,True,True,CCC(C)(C)C.[OH]>>[CH2]CC(C)(C)C.O,True,True,False,True,False
115,927,"[H:20][CH2:21]C(C)(C)CC.[OH:10]>>[H:20][OH:10].CCC(C)(C)[CH2:21] 10-10,20;20,21-10,20;20,21-21",Room Temperature,Propagation,abstraction,True,True,True,CCC(C)(C)C.[OH]>>[CH2]C(C)(C)CC.O,True,True,False,True,False
118,933,"[H:20][C:21](C)(C)C(C)C.[OH:10]>>[H:20][OH:10].CC(C)[C:21](C)C 10-10,20;20,21-10,20;20,21-21",Room Temperature,Propagation,abstraction,True,True,True,CC(C)C(C)C.[OH]>>C[C](C)C(C)C.O,True,True,False,True,False
119,935,"[H:20][CH2:21]C(C)C(C)C.[OH:10]>>[H:20][OH:10].CC(C)C(C)[CH2:21] 10-10,20;20,21-10,20;20,21-21",Room Temperature,Propagation,abstraction,True,True,True,CC(C)C(C)C.[OH]>>[CH2]C(C)C(C)C.O,True,True,False,True,False
121,938,"[H:20][CH:21](CC)CCCC.[OH:10]>>[H:20][OH:10].CCCC[CH:21]CC 10-10,20;20,21-10,20;20,21-21",Room Temperature,Propagation,abstraction,True,True,True,CCCCCCC.[OH]>>CC[CH]CCCC.O,True,True,False,True,False
124,942,"[H:20][CH:21](C)CCC(C)C.[OH:10]>>[H:20][OH:10].C[CH:21]CCC(C)C 10-10,20;20,21-10,20;20,21-21",Room Temperature,Propagation,abstraction,True,True,True,CCCCC(C)C.[OH]>>C[CH]CCC(C)C.O,True,True,False,True,False
125,943,"[H:20][C:21](C)(C)CCCC.[OH:10]>>[H:20][OH:10].CCCC[C:21](C)C 10-10,20;20,21-10,20;20,21-21",Room Temperature,Propagation,abstraction,True,True,True,CCCCC(C)C.[OH]>>CCCC[C](C)C.O,True,True,False,True,False
126,946,"[H:20][CH:21](C)CC(C)CC.[OH:10]>>[H:20][OH:10].CCC(C)C[CH:21]C 10-10,20;20,21-10,20;20,21-21",Room Temperature,Propagation,abstraction,True,True,True,CCCC(C)CC.[OH]>>C[CH]CC(C)CC.O,True,True,False,True,False
127,947,"[H:20][C:21](C)(CC)CCC.[OH:10]>>[H:20][OH:10].CCC[C:21](C)CC 10-10,20;20,21-10,20;20,21-21",Room Temperature,Propagation,abstraction,True,True,True,CCCC(C)CC.[OH]>>CCC[C](C)CC.O,True,True,False,True,False
130,952,"[H:20][CH:21](CC)CCCCC.[OH:10]>>[H:20][OH:10].CCCCC[CH:21]CC 10-10,20;20,21-10,20;20,21-21",Room Temperature,Propagation,abstraction,True,True,True,CCCCCCCC.[OH]>>CC[CH]CCCCC.O,True,True,False,True,False
132,955,"[H:20][CH:21](CC)CCCCCC.[OH:10]>>[H:20][OH:10].CCCCCC[CH:21]CC 10-10,20;20,21-10,20;20,21-21",Room Temperature,Propagation,abstraction,True,True,True,CCCCCCCCC.[OH]>>CC[CH]CCCCCC.O,True,True,False,True,False
134,958,"[H:20][CH:21](CC)CCCCCCCCC.[OH:10]>>[H:20][OH:10].CCCCCCCCC[CH:21]CC 10-10,20;20,21-10,20;20,21-21",Room Temperature,Propagation,abstraction,True,True,True,CCCCCCCCCCCC.[OH]>>CC[CH]CCCCCCCCC.O,True,True,False,True,False
137,962,"[H:20][CH:21]1CCCCC1.[OH:10]>>[H:20][OH:10].C1CC[CH:21]CC1 10-10,20;20,21-10,20;20,21-21",Room Temperature,Propagation,abstraction,True,True,True,C1CCCCC1.[OH]>>[CH]1CCCCC1.O,True,True,False,True,False
139,1090,"[H:20][CH2:21]C1=CC=C(C=C1)C.[OH:10]>>[H:20][OH:10].CC1=CC=C(C=C1)[CH2:21] 10-10,20;20,21-10,20;20,21-21",Room Temperature,Propagation,abstraction,True,True,True,Cc1ccc(C)cc1.[OH]>>[CH2]c1ccc(C)cc1.O,True,True,False,True,False
140,1091,"[H:20][CH:21](C)C1=CC=CC=C1.[OH:10]>>[H:20][OH:10].C[CH:21]C1=CC=CC=C1 10-10,20;20,21-10,20;20,21-21",Room Temperature,Propagation,abstraction,True,True,True,CCc1ccccc1.[OH]>>C[CH]c1ccccc1.O,True,True,False,True,False
142,1094,"[H:20][CH2:21]CC1=CC=CC=C1.[OH:10]>>[H:20][OH:10].[CH2:21]CC1=CC=CC=C1 10-10,20;20,21-10,20;20,21-21",Room Temperature,Propagation,abstraction,True,True,True,CCc1ccccc1.[OH]>>[CH2]Cc1ccccc1.O,True,True,False,True,False
144,1105,"[H:20][CH:21](CC)C1=CC=CC=C1.[OH:10]>>[H:20][OH:10].CC[CH:21]C1=CC=CC=C1 10-10,20;20,21-10,20;20,21-21",Room Temperature,Propagation,abstraction,True,True,True,CCCc1ccccc1.[OH]>>CC[CH]c1ccccc1.O,True,True,False,True,False
146,1116,"[H:20][C:21](C)(C)C1=CC=CC=C1.[OH:10]>>[H:20][OH:10].C[C:21](C)C1=CC=CC=C1 10-10,20;20,21-10,20;20,21-21",Room Temperature,Propagation,abstraction,True,True,True,CC(C)c1ccccc1.[OH]>>C[C](C)c1ccccc1.O,True,True,False,True,False
153,1201,"[H:20][C:21](=O)C1=CC=CC=C1.[OH:10]>>[H:20][OH:10].C1=CC=C(C=C1)[C:21]=O 10-10,20;20,21-10,20;20,21-21",Room Temperature,Propagation,abstraction,True,True,True,O=Cc1ccccc1.[OH]>>O=[C]c1ccccc1.O,True,True,False,True,False
166,1267,"[H:20][CH2:21]OC=O.[OH:10]>>[H:20][OH:10].[CH2:21]OC=O 10-10,20;20,21-10,20;20,21-21",Room Temperature,Propagation,abstraction,True,True,True,COC=O.[OH]>>[CH2]OC=O.O,True,True,False,True,False
167,1268,"[H:20][C:21](=O)OC.[OH:10]>>[H:20][OH:10].CO[C:21]=O 10-10,20;20,21-10,20;20,21-21",Room Temperature,Propagation,abstraction,True,True,True,COC=O.[OH]>>CO[C]=O.O,True,True,False,True,False
168,1271,"[H:20][CH2:21]OC(=O)C.[OH:10]>>[H:20][OH:10].CC(=O)O[CH2:21] 10-10,20;20,21-10,20;20,21-21",Room Temperature,Propagation,abstraction,True,True,True,COC(C)=O.[OH]>>[CH2]OC(C)=O.O,True,True,False,True,False
169,1272,"[H:20][CH2:21]C(=O)OC.[OH:10]>>[H:20][OH:10].COC(=O)[CH2:21] 10-10,20;20,21-10,20;20,21-21",Room Temperature,Propagation,abstraction,True,True,True,COC(C)=O.[OH]>>[CH2]C(=O)OC.O,True,True,False,True,False
170,1275,"[H:20][CH2:21]COC(=O)C.[OH:10]>>[H:20][OH:10].CC(=O)OC[CH2:21] 10-10,20;20,21-10,20;20,21-21",Room Temperature,Propagation,abstraction,True,True,True,CCOC(C)=O.[OH]>>[CH2]COC(C)=O.O,True,True,False,True,False
171,1276,"[H:20][CH:21](C)OC(=O)C.[OH:10]>>[H:20][OH:10].C[CH:21]OC(=O)C 10-10,20;20,21-10,20;20,21-21",Room Temperature,Propagation,abstraction,True,True,True,CCOC(C)=O.[OH]>>C[CH]OC(C)=O.O,True,True,False,True,False
172,1279,"[H:20][CH:21](C)CCOC(=O)C.[OH:10]>>[H:20][OH:10].C[CH:21]CCOC(=O)C 10-10,20;20,21-10,20;20,21-21",Room Temperature,Propagation,abstraction,True,True,True,CCCCOC(C)=O.[OH]>>C[CH]CCOC(C)=O.O,True,True,False,True,False
173,1280,"[H:20][CH:21](CC)COC(=O)C.[OH:10]>>[H:20][OH:10].CC[CH:21]COC(=O)C 10-10,20;20,21-10,20;20,21-21",Room Temperature,Propagation,abstraction,True,True,True,CCCCOC(C)=O.[OH]>>CC[CH]COC(C)=O.O,True,True,False,True,False
174,1281,"[H:20][CH:21](CCC)OC(=O)C.[OH:10]>>[H:20][OH:10].CCC[CH:21]OC(=O)C 10-10,20;20,21-10,20;20,21-21",Room Temperature,Propagation,abstraction,True,True,True,CCCCOC(C)=O.[OH]>>CCC[CH]OC(C)=O.O,True,True,False,True,False
175,1285,"[H:20][C:21](C)(CC)OC(=O)C.[OH:10]>>[H:20][OH:10].CC[C:21](C)OC(=O)C 10-10,20;20,21-10,20;20,21-21",Room Temperature,Propagation,abstraction,True,True,True,CCC(C)OC(C)=O.[OH]>>CC[C](C)OC(C)=O.O,True,True,False,True,False
176,1286,"[H:20][CH:21](C)C(C)OC(=O)C.[OH:10]>>[H:20][OH:10].C[CH:21]C(C)OC(=O)C 10-10,20;20,21-10,20;20,21-21",Room Temperature,Propagation,abstraction,True,True,True,CCC(C)OC(C)=O.[OH]>>C[CH]C(C)OC(C)=O.O,True,True,False,True,False
177,1289,"[H:20][CH2:21]C(C)(C)OC(=O)C.[OH:10]>>[H:20][OH:10].CC(=O)OC(C)(C)[CH2:21] 10-10,20;20,21-10,20;20,21-21",Room Temperature,Propagation,abstraction,True,True,True,CC(=O)OC(C)(C)C.[OH]>>[CH2]C(C)(C)OC(C)=O.O,True,True,False,True,False
178,1290,"[H:20][CH2:21]C(=O)OC(C)(C)C.[OH:10]>>[H:20][OH:10].CC(C)(C)OC(=O)[CH2:21] 10-10,20;20,21-10,20;20,21-21",Room Temperature,Propagation,abstraction,True,True,True,CC(=O)OC(C)(C)C.[OH]>>[CH2]C(=O)OC(C)(C)C.O,True,True,False,True,False
180,1294,"[H:20][CH2:21]OC.[OH:10]>>[H:20][OH:10].CO[CH2:21] 10-10,20;20,21-10,20;20,21-21",Room Temperature,Propagation,abstraction,True,True,True,COC.[OH]>>[CH2]OC.O,True,True,False,True,False
182,1297,"[H:20][CH:21](C)OCC.[OH:10]>>[H:20][OH:10].CCO[CH:21]C 10-10,20;20,21-10,20;20,21-21",Room Temperature,Propagation,abstraction,True,True,True,CCOCC.[OH]>>C[CH]OCC.O,True,True,False,True,False
183,1299,"[H:20][CH2:21]COCC.[OH:10]>>[H:20][OH:10].CCOC[CH2:21] 10-10,20;20,21-10,20;20,21-21",Room Temperature,Propagation,abstraction,True,True,True,CCOCC.[OH]>>[CH2]COCC.O,True,True,False,True,False
185,1302,"[H:20][CH2:21]OC(C)(C)C.[OH:10]>>[H:20][OH:10].CC(C)(C)O[CH2:21] 10-10,20;20,21-10,20;20,21-21",Room Temperature,Propagation,abstraction,True,True,True,COC(C)(C)C.[OH]>>[CH2]OC(C)(C)C.O,True,True,False,True,False
187,1305,"[H:20][CH2:21]C(C)(C)OC.[OH:10]>>[H:20][OH:10].CC(C)([CH2:21])OC 10-10,20;20,21-10,20;20,21-21",Room Temperature,Propagation,abstraction,True,True,True,COC(C)(C)C.[OH]>>[CH2]C(C)(C)OC.O,True,True,False,True,False
189,1308,"[H:20][C:21](C)(C)OC(C)C.[OH:10]>>[H:20][OH:10].CC(C)O[C:21](C)C 10-10,20;20,21-10,20;20,21-21",Room Temperature,Propagation,abstraction,True,True,True,CC(C)OC(C)C.[OH]>>C[C](C)OC(C)C.O,True,True,False,True,False
190,1310,"[H:20][CH2:21]C(C)OC(C)C.[OH:10]>>[H:20][OH:10].CC(C)OC(C)[CH2:21] 10-10,20;20,21-10,20;20,21-21",Room Temperature,Propagation,abstraction,True,True,True,CC(C)OC(C)C.[OH]>>[CH2]C(C)OC(C)C.O,True,True,False,True,False
193,1316,"[H:20][CH2:21]C(C)(C)OCC.[OH:10]>>[H:20][OH:10].CCOC(C)(C)[CH2:21] 10-10,20;20,21-10,20;20,21-21",Room Temperature,Propagation,abstraction,True,True,True,CCOC(C)(C)C.[OH]>>[CH2]C(C)(C)OCC.O,True,True,False,True,False
194,1317,"[H:20][CH:21](C)OC(C)(C)C.[OH:10]>>[H:20][OH:10].C[CH:21]OC(C)(C)C 10-10,20;20,21-10,20;20,21-21",Room Temperature,Propagation,abstraction,True,True,True,CCOC(C)(C)C.[OH]>>C[CH]OC(C)(C)C.O,True,True,False,True,False
195,1318,"[H:20][CH2:21]COC(C)(C)C.[OH:10]>>[H:20][OH:10].CC(C)(C)OC[CH2:21] 10-10,20;20,21-10,20;20,21-21",Room Temperature,Propagation,abstraction,True,True,True,CCOC(C)(C)C.[OH]>>[CH2]COC(C)(C)C.O,True,True,False,True,False
198,1324,"[H:20][CH2:21]OCCO.[OH:10]>>[H:20][OH:10].[CH2:21]OCCO 10-10,20;20,21-10,20;20,21-21",Room Temperature,Propagation,abstraction,True,True,True,COCCO.[OH]>>[CH2]OCCO.O,True,True,False,True,False
199,1325,"[H:20][CH:21](CO)OC.[OH:10]>>[H:20][OH:10].CO[CH:21]CO 10-10,20;20,21-10,20;20,21-21",Room Temperature,Propagation,abstraction,True,True,True,COCCO.[OH]>>CO[CH]CO.O,True,True,False,True,False
200,1326,"[H:20][CH:21](COC)O.[OH:10]>>[H:20][OH:10].COC[CH:21]O 10-10,20;20,21-10,20;20,21-21",Room Temperature,Propagation,abstraction,True,True,True,COCCO.[OH]>>COC[CH]O.O,True,True,False,True,False
203,1332,"[H:20][CH:21](C)OCCO.[OH:10]>>[H:20][OH:10].C[CH:21]OCCO 10-10,20;20,21-10,20;20,21-21",Room Temperature,Propagation,abstraction,True,True,True,CCOCCO.[OH]>>C[CH]OCCO.O,True,True,False,True,False
204,1333,"[H:20][CH:21](CO)OCC.[OH:10]>>[H:20][OH:10].CCO[CH:21]CO 10-10,20;20,21-10,20;20,21-21",Room Temperature,Propagation,abstraction,True,True,True,CCOCCO.[OH]>>CCO[CH]CO.O,True,True,False,True,False
205,1334,"[H:20][CH:21](COCC)O.[OH:10]>>[H:20][OH:10].CCOC[CH:21]O 10-10,20;20,21-10,20;20,21-21",Room Temperature,Propagation,abstraction,True,True,True,CCOCCO.[OH]>>CCOC[CH]O.O,True,True,False,True,False
207,1338,"[H:20][CH:21](C(C)O)OC.[OH:10]>>[H:20][OH:10].CC([CH:21]OC)O 10-10,20;20,21-10,20;20,21-21",Room Temperature,Propagation,abstraction,True,True,True,COCC(C)O.[OH]>>CO[CH]C(C)O.O,True,True,False,True,False
208,1339,"[H:20][CH2:21]OCC(C)O.[OH:10]>>[H:20][OH:10].CC(CO[CH2:21])O 10-10,20;20,21-10,20;20,21-21",Room Temperature,Propagation,abstraction,True,True,True,COCC(C)O.[OH]>>[CH2]OCC(C)O.O,True,True,False,True,False
209,1341,"[H:20][C:21](C)(COC)O.[OH:10]>>[H:20][OH:10].C[C:21](COC)O 10-10,20;20,21-10,20;20,21-21",Room Temperature,Propagation,abstraction,True,True,True,COCC(C)O.[OH]>>COC[C](C)O.O,True,True,False,True,False
211,1345,"[H:20][CH:21](CCC)OCCO.[OH:10]>>[H:20][OH:10].CCC[CH:21]OCCO 10-10,20;20,21-10,20;20,21-21",Room Temperature,Propagation,abstraction,True,True,True,CCCCOCCO.[OH]>>CCC[CH]OCCO.O,True,True,False,True,False
213,1349,"[H:20][CH:21](CO)OCCCC.[OH:10]>>[H:20][OH:10].CCCCO[CH:21]CO 10-10,20;20,21-10,20;20,21-21",Room Temperature,Propagation,abstraction,True,True,True,CCCCOCCO.[OH]>>CCCCO[CH]CO.O,True,True,False,True,False
216,1354,"[H:20][CH2:21]C(=O)C.[OH:10]>>[H:20][OH:10].CC(=O)[CH2:21] 10-10,20;20,21-10,20;20,21-21",Room Temperature,Propagation,abstraction,True,True,True,CC(C)=O.[OH]>>[CH2]C(C)=O.O,True,True,False,True,False
217,1356,"[H:20][CH2:21]CC(=O)C.[OH:10]>>[H:20][OH:10].CC(=O)C[CH2:21] 10-10,20;20,21-10,20;20,21-21",Room Temperature,Propagation,abstraction,True,True,True,CCC(C)=O.[OH]>>[CH2]CC(C)=O.O,True,True,False,True,False
218,1358,"[H:20][CH:21](C)C(=O)C.[OH:10]>>[H:20][OH:10].C[CH:21]C(=O)C 10-10,20;20,21-10,20;20,21-21",Room Temperature,Propagation,abstraction,True,True,True,CCC(C)=O.[OH]>>C[CH]C(C)=O.O,True,True,False,True,False
219,1360,"[H:20][CH2:21]C(=O)CC.[OH:10]>>[H:20][OH:10].CCC(=O)[CH2:21] 10-10,20;20,21-10,20;20,21-21",Room Temperature,Propagation,abstraction,True,True,True,CCC(C)=O.[OH]>>[CH2]C(=O)CC.O,True,True,False,True,False
220,1362,"[H:20][CH:21](C)CC(=O)C.[OH:10]>>[H:20][OH:10].C[CH:21]CC(=O)C 10-10,20;20,21-10,20;20,21-21",Room Temperature,Propagation,abstraction,True,True,True,CCCC(C)=O.[OH]>>C[CH]CC(C)=O.O,True,True,False,True,False
221,1363,"[H:20][CH:21](CC)C(=O)C.[OH:10]>>[H:20][OH:10].CC[CH:21]C(=O)C 10-10,20;20,21-10,20;20,21-21",Room Temperature,Propagation,abstraction,True,True,True,CCCC(C)=O.[OH]>>CC[CH]C(C)=O.O,True,True,False,True,False
222,1366,"[H:20][CH:21](C)C(=O)CC.[OH:10]>>[H:20][OH:10].CCC(=O)[CH:21]C 10-10,20;20,21-10,20;20,21-21",Room Temperature,Propagation,abstraction,True,True,True,CCC(=O)CC.[OH]>>C[CH]C(=O)CC.O,True,True,False,True,False
223,1368,"[H:20][CH2:21]CC(=O)CC.[OH:10]>>[H:20][OH:10].CCC(=O)C[CH2:21] 10-10,20;20,21-10,20;20,21-21",Room Temperature,Propagation,abstraction,True,True,True,CCC(=O)CC.[OH]>>[CH2]CC(=O)CC.O,True,True,False,True,False
224,1370,"[H:20][C:21](C)(C)C(=O)C.[OH:10]>>[H:20][OH:10].C[C:21](C)C(=O)C 10-10,20;20,21-10,20;20,21-21",Room Temperature,Propagation,abstraction,True,True,True,CC(=O)C(C)C.[OH]>>C[C](C)C(C)=O.O,True,True,False,True,False
225,1371,"[H:20][CH2:21]C(C)C(=O)C.[OH:10]>>[H:20][OH:10].CC([CH2:21])C(=O)C 10-10,20;20,21-10,20;20,21-21",Room Temperature,Propagation,abstraction,True,True,True,CC(=O)C(C)C.[OH]>>[CH2]C(C)C(C)=O.O,True,True,False,True,False
226,1374,"[H:20][CH:21](CC)CC(=O)C.[OH:10]>>[H:20][OH:10].CC[CH:21]CC(=O)C 10-10,20;20,21-10,20;20,21-21",Room Temperature,Propagation,abstraction,True,True,True,CCCCC(C)=O.[OH]>>CC[CH]CC(C)=O.O,True,True,False,True,False
227,1375,"[H:20][CH:21](CCC)C(=O)C.[OH:10]>>[H:20][OH:10].CCC[CH:21]C(=O)C 10-10,20;20,21-10,20;20,21-21",Room Temperature,Propagation,abstraction,True,True,True,CCCCC(C)=O.[OH]>>CCC[CH]C(C)=O.O,True,True,False,True,False
228,1376,"[H:20][CH:21](C)CCC(=O)C.[OH:10]>>[H:20][OH:10].C[CH:21]CCC(=O)C 10-10,20;20,21-10,20;20,21-21",Room Temperature,Propagation,abstraction,True,True,True,CCCCC(C)=O.[OH]>>C[CH]CCC(C)=O.O,True,True,False,True,False
229,1380,"[H:20][CH:21](C)C(=O)CCC.[OH:10]>>[H:20][OH:10].CCCC(=O)[CH:21]C 10-10,20;20,21-10,20;20,21-21",Room Temperature,Propagation,abstraction,True,True,True,CCCC(=O)CC.[OH]>>C[CH]C(=O)CCC.O,True,True,False,True,False
230,1381,"[H:20][CH:21](CC)C(=O)CC.[OH:10]>>[H:20][OH:10].CC[CH:21]C(=O)CC 10-10,20;20,21-10,20;20,21-21",Room Temperature,Propagation,abstraction,True,True,True,CCCC(=O)CC.[OH]>>CC[CH]C(=O)CC.O,True,True,False,True,False
231,1382,"[H:20][CH:21](C)CC(=O)CC.[OH:10]>>[H:20][OH:10].CCC(=O)C[CH:21]C 10-10,20;20,21-10,20;20,21-21",Room Temperature,Propagation,abstraction,True,True,True,CCCC(=O)CC.[OH]>>C[CH]CC(=O)CC.O,True,True,False,True,False
232,1383,"[H:20][CH2:21]CCC(=O)CC.[OH:10]>>[H:20][OH:10].CCC(=O)CC[CH2:21] 10-10,20;20,21-10,20;20,21-21",Room Temperature,Propagation,abstraction,True,True,True,CCCC(=O)CC.[OH]>>[CH2]CCC(=O)CC.O,True,True,False,True,False
233,1388,"[H:20][C:21](C)(C)CC(=O)C.[OH:10]>>[H:20][OH:10].C[C:21](C)CC(=O)C 10-10,20;20,21-10,20;20,21-21",Room Temperature,Propagation,abstraction,True,True,True,CC(=O)CC(C)C.[OH]>>C[C](C)CC(C)=O.O,True,True,False,True,False
234,1390,"[H:20][CH2:21]C(C)(C)C(=O)C.[OH:10]>>[H:20][OH:10].CC(=O)C(C)(C)[CH2:21] 10-10,20;20,21-10,20;20,21-21",Room Temperature,Propagation,abstraction,True,True,True,CC(=O)C(C)(C)C.[OH]>>[CH2]C(C)(C)C(C)=O.O,True,True,False,True,False
235,1392,"[H:20][CH:21]1CCCC(=O)C1.[OH:10]>>[H:20][OH:10].C1C[CH:21]CC(=O)C1 10-10,20;20,21-10,20;20,21-21",Room Temperature,Propagation,abstraction,True,True,True,O=C1CCCCC1.[OH]>>O=C1C[CH]CCC1.O,True,True,False,True,False
236,1431,"[H:20][O:21]C=O.[OH:10]>>[H:20][OH:10].C(=O)[O:21] 10-10,20;20,21-10,20;20,21-21",Room Temperature,Propagation,abstraction,True,True,True,O=CO.[OH]>>[O]C=O.O,True,True,False,True,False
237,1433,"[H:20][O:21]C(=O)C.[OH:10]>>[H:20][OH:10].CC(=O)[O:21] 10-10,20;20,21-10,20;20,21-21",Room Temperature,Propagation,abstraction,True,True,True,CC(=O)O.[OH]>>CC([O])=O.O,True,True,False,True,False
238,1435,"[H:20][O:21]C(=O)CC.[OH:10]>>[H:20][OH:10].CCC(=O)[O:21] 10-10,20;20,21-10,20;20,21-21",Room Temperature,Propagation,abstraction,True,True,True,CCC(=O)O.[OH]>>CCC([O])=O.O,True,True,False,True,False
240,1439,"[H:20][CH2:21]OCOC.[OH:10]>>[H:20][OH:10].COCO[CH2:21] 10-10,20;20,21-10,20;20,21-21",Room Temperature,Propagation,abstraction,True,True,True,COCOC.[OH]>>[CH2]OCOC.O,True,True,False,True,False
241,1440,"[H:20][CH:21](OC)OC.[OH:10]>>[H:20][OH:10].CO[CH:21]OC 10-10,20;20,21-10,20;20,21-21",Room Temperature,Propagation,abstraction,True,True,True,COCOC.[OH]>>CO[CH]OC.O,True,True,False,True,False
242,1442,"[H:20][CH2:21]OC(=O)OC.[OH:10]>>[H:20][OH:10].COC(=O)O[CH2:21] 10-10,20;20,21-10,20;20,21-21",Room Temperature,Propagation,abstraction,True,True,True,COC(=O)OC.[OH]>>[CH2]OC(=O)OC.O,True,True,False,True,False
245,1449,"[H:20][CH:21]1CO1.[OH:10]>>[H:20][OH:10].C1[CH:21]O1 10-10,20;20,21-10,20;20,21-21",Room Temperature,Propagation,abstraction,True,True,True,C1CO1.[OH]>>[CH]1CO1.O,True,True,False,True,False
247,1601,"[H:20][CH:21](C=O)O.[OH:10]>>[H:20][OH:10].[CH:21](C=O)O 10-10,20;20,21-10,20;20,21-21",Room Temperature,Propagation,abstraction,True,True,True,O=CCO.[OH]>>O=C[CH]O.O,True,True,False,True,False
248,1603,"[H:20][C:21](=O)CO.[OH:10]>>[H:20][OH:10].C([C:21]=O)O 10-10,20;20,21-10,20;20,21-21",Room Temperature,Propagation,abstraction,True,True,True,O=CCO.[OH]>>O=[C]CO.O,True,True,False,True,False
249,1789,"[H:20][O:21]O.CC(=O)OCCO[O:10]>>[H:20][O:10]OCCOC(=O)C.O[O:21] 10-10,20;20,21-10,20;20,21-21",Room Temperature,Propagation,abstraction,True,True,True,OO.CC(=O)OCCO[O]>>[O]O.CC(=O)OCCOO,True,True,False,True,False
250,1802,"[H:20][O:21]O.CC(COC(=O)C)O[O:10]>>[H:20][O:10]OC(C)COC(=O)C.O[O:21] 10-10,20;20,21-10,20;20,21-21",Room Temperature,Propagation,abstraction,True,True,True,OO.CC(=O)OCC(C)O[O]>>[O]O.CC(=O)OCC(C)OO,True,True,False,True,False
251,1810,"[H:20][O:21]O.CCC(OC(=O)C)O[O:10]>>[H:20][O:10]OC(CC)OC(=O)C.O[O:21] 10-10,20;20,21-10,20;20,21-21",Room Temperature,Propagation,abstraction,True,True,True,OO.CCC(O[O])OC(C)=O>>[O]O.CCC(OO)OC(C)=O,True,True,False,True,False
252,1813,"[H:20][O:21]O.CC(=O)OCCCO[O:10]>>[H:20][O:10]OCCCOC(=O)C.O[O:21] 10-10,20;20,21-10,20;20,21-21",Room Temperature,Propagation,abstraction,True,True,True,OO.CC(=O)OCCCO[O]>>[O]O.CC(=O)OCCCOO,True,True,False,True,False
253,1818,"[H:20][O:21]O.CC(CO[O:10])OC(=O)C>>[H:20][O:10]OCC(C)OC(=O)C.O[O:21] 10-10,20;20,21-10,20;20,21-21",Room Temperature,Propagation,abstraction,True,True,True,OO.CC(=O)OC(C)CO[O]>>[O]O.CC(=O)OC(C)COO,True,True,False,True,False
254,1836,"[H:20][O:21]O.CCC(COC(=O)C)O[O:10]>>[H:20][O:10]OC(CC)COC(=O)C.O[O:21] 10-10,20;20,21-10,20;20,21-21",Room Temperature,Propagation,abstraction,True,True,True,OO.CCC(COC(C)=O)O[O]>>[O]O.CCC(COC(C)=O)OO,True,True,False,True,False
256,2339,"[H:20][C:21](=O)C=O.[OH:10]>>[H:20][OH:10].C(=O)[C:21]=O 10-10,20;20,21-10,20;20,21-21",Room Temperature,Propagation,abstraction,True,True,True,O=CC=O.[OH]>>O=[C]C=O.O,True,True,False,True,False
258,2344,"[H:20][O:21]C1=CC=CC=C1.[OH:10]>>[H:20][OH:10].C1=CC=C(C=C1)[O:21] 10-10,20;20,21-10,20;20,21-21",Room Temperature,Propagation,abstraction,True,True,True,Oc1ccccc1.[OH]>>[O]c1ccccc1.O,True,True,False,True,False
260,2366,"[H:20][O:21]C1=C(C=CC=C1)C.[OH:10]>>[H:20][OH:10].CC1=C(C=CC=C1)[O:21] 10-10,20;20,21-10,20;20,21-21",Room Temperature,Propagation,abstraction,True,True,True,Cc1ccccc1O.[OH]>>Cc1ccccc1[O].O,True,True,False,True,False
261,2396,"[H:4][C:3](=[O:5])[C:2]1([C:6]([O:8]1)([CH3:7])[CH:9]=[CH:10][CH:11]=[O:12])[CH3:1].[OH:13]>>[H:4][OH:13].[CH3:7][C:6]1([C:2]([O:8]1)([CH3:1])[C:3]=[O:5])[CH:9]=[CH:10][CH:11]=[O:12] 13-13,4; 3,4-13,4; 3,4-3",Room Temperature,Propagation,abstraction,True,True,True,CC1(C=O)OC1(C)C=CC=O.[OH]>>CC1([C]=O)OC1(C)C=CC=O.O,True,True,False,True,False
263,2404,"[H:20][O:21]C1=CC=CC(=C1C)C.[OH:10]>>[H:20][OH:10].CC1=C(C(=CC=C1)[O:21])C 10-10,20;20,21-10,20;20,21-21",Room Temperature,Propagation,abstraction,True,True,True,Cc1cccc(O)c1C.[OH]>>Cc1cccc([O])c1C.O,True,True,False,True,False
264,2415,"[H:20][O:21]C1=C(C=C(C=C1)C)C.[OH:10]>>[H:20][OH:10].CC1=CC(=C(C=C1)[O:21])C 10-10,20;20,21-10,20;20,21-21",Room Temperature,Propagation,abstraction,True,True,True,Cc1ccc(O)c(C)c1.[OH]>>Cc1ccc([O])c(C)c1.O,True,True,False,True,False
267,2450,"[H:20][O:21]C1=C(C=CC(=C1)C)C.[OH:10]>>[H:20][OH:10].CC1=CC(=C(C=C1)C)[O:21] 10-10,20;20,21-10,20;20,21-21",Room Temperature,Propagation,abstraction,True,True,True,Cc1ccc(C)c(O)c1.[OH]>>Cc1ccc(C)c([O])c1.O,True,True,False,True,False
269,2464,"[H:20][O:21]C1=C(C=CC=C1)CC.[OH:10]>>[H:20][OH:10].CCC1=C(C=CC=C1)[O:21] 10-10,20;20,21-10,20;20,21-21",Room Temperature,Propagation,abstraction,True,True,True,CCc1ccccc1O.[OH]>>CCc1ccccc1[O].O,True,True,False,True,False
271,2489,"[H:20][O:21]C1=C(C=CC=C1)CCC.[OH:10]>>[H:20][OH:10].CCCC1=C(C=CC=C1)[O:21] 10-10,20;20,21-10,20;20,21-21",Room Temperature,Propagation,abstraction,True,True,True,CCCc1ccccc1O.[OH]>>CCCc1ccccc1[O].O,True,True,False,True,False
273,2514,"[H:20][O:21]C1=C(C=CC=C1)C(C)C.[OH:10]>>[H:20][OH:10].CC(C)C1=C(C=CC=C1)[O:21] 10-10,20;20,21-10,20;20,21-21",Room Temperature,Propagation,abstraction,True,True,True,CC(C)c1ccccc1O.[OH]>>CC(C)c1ccccc1[O].O,True,True,False,True,False
275,2547,"[H:20][O:21]C1=C(C(=C(C=C1)C)C)C.[OH:10]>>[H:20][OH:10].CC1=C(C(=C(C=C1)[O:21])C)C 10-10,20;20,21-10,20;20,21-21",Room Temperature,Propagation,abstraction,True,True,True,Cc1ccc(O)c(C)c1C.[OH]>>Cc1ccc([O])c(C)c1C.O,True,True,False,True,False
277,2575,"[H:20][O:21]C1=C(C=CC(=C1C)C)C.[OH:10]>>[H:20][OH:10].CC1=C(C(=C(C=C1)C)[O:21])C 10-10,20;20,21-10,20;20,21-21",Room Temperature,Propagation,abstraction,True,True,True,Cc1ccc(C)c(O)c1C.[OH]>>Cc1ccc(C)c([O])c1C.O,True,True,False,True,False
279,2584,"[H:20][C:21](=O)C1(C(O1)(C)C=CC(=O)C)C.[OH:10]>>[H:20][OH:10].CC(=O)C=CC1(C(O1)(C)[C:21]=O)C 10-10,20;20,21-10,20;20,21-21",Room Temperature,Propagation,abstraction,True,True,True,CC(=O)C=CC1(C)OC1(C)C=O.[OH]>>CC(=O)C=CC1(C)OC1(C)[C]=O.O,True,True,False,True,False
281,2605,"[H:20][O:21]C1=C(C=C(C=C1C)C)C.[OH:10]>>[H:20][OH:10].CC1=CC(=C(C(=C1)C)[O:21])C 10-10,20;20,21-10,20;20,21-21",Room Temperature,Propagation,abstraction,True,True,True,Cc1cc(C)c(O)c(C)c1.[OH]>>Cc1cc(C)c([O])c(C)c1.O,True,True,False,True,False
282,2633,"[H:20][C:21](=O)C=CC1(C(O1)(CC)C=O)C.[OH:10]>>[H:20][OH:10].CCC1(C(O1)(C)C=C[C:21]=O)C=O 10-10,20;20,21-10,20;20,21-21",Room Temperature,Propagation,abstraction,True,True,True,CCC1(C=O)OC1(C)C=CC=O.[OH]>>CCC1(C=O)OC1(C)C=C[C]=O.O,True,True,False,True,False
283,2644,"[H:20][O:21]C1=C(C(=CC=C1)C)CC.[OH:10]>>[H:20][OH:10].CCC1=C(C=CC=C1C)[O:21] 10-10,20;20,21-10,20;20,21-21",Room Temperature,Propagation,abstraction,True,True,True,CCc1c(C)cccc1O.[OH]>>CCc1c(C)cccc1[O].O,True,True,False,True,False
284,2660,"[H:20][O:21]C1=C(C=CC=C1C)CC.[OH:10]>>[H:20][OH:10].CCC1=C(C(=CC=C1)C)[O:21] 10-10,20;20,21-10,20;20,21-21",Room Temperature,Propagation,abstraction,True,True,True,CCc1cccc(C)c1O.[OH]>>CCc1cccc(C)c1[O].O,True,True,False,True,False
287,2672,"[H:20][C:21](=O)C1C(O1)(C)C=CC(=O)CC.[OH:10]>>[H:20][OH:10].CCC(=O)C=CC1(C(O1)[C:21]=O)C 10-10,20;20,21-10,20;20,21-21",Room Temperature,Propagation,abstraction,True,True,True,CCC(=O)C=CC1(C)OC1C=O.[OH]>>CCC(=O)C=CC1(C)OC1[C]=O.O,True,True,False,True,False
290,2694,"[H:20][C:21](=O)C1(C(O1)C(=CC(=O)CC)C)C.[OH:10]>>[H:20][OH:10].CCC(=O)C=C(C)C1C(O1)(C)[C:21]=O 10-10,20;20,21-10,20;20,21-21",Room Temperature,Propagation,abstraction,True,True,True,CCC(=O)C=C(C)C1OC1(C)C=O.[OH]>>CCC(=O)C=C(C)C1OC1(C)[C]=O.O,True,True,False,True,False
292,2707,"[H:20][C:21](=O)C1(C(O1)C(=CC(=O)CC)C)CC.[OH:10]>>[H:20][OH:10].CCC(=O)C=C(C)C1C(O1)(CC)[C:21]=O 10-10,20;20,21-10,20;20,21-21",Room Temperature,Propagation,abstraction,True,True,True,CCC(=O)C=C(C)C1OC1(C=O)CC.[OH]>>CCC(=O)C=C(C)C1OC1([C]=O)CC.O,True,True,False,True,False
293,2933,"[H:20][C:21](=O)CC(=C)C.[OH:10]>>[H:20][OH:10].CC(=C)C[C:21]=O 10-10,20;20,21-10,20;20,21-21",Room Temperature,Propagation,abstraction,True,True,True,C=C(C)CC=O.[OH]>>C=C(C)C[C]=O.O,True,True,False,True,False
295,3047,"[H:20][C:21](=O)COC.[OH:10]>>[H:20][OH:10].COC[C:21]=O 10-10,20;20,21-10,20;20,21-21",Room Temperature,Propagation,abstraction,True,True,True,COCC=O.[OH]>>COC[C]=O.O,True,True,False,True,False
297,3069,"[H:20][C:21](=O)COCC.[OH:10]>>[H:20][OH:10].CCOC[C:21]=O 10-10,20;20,21-10,20;20,21-21",Room Temperature,Propagation,abstraction,True,True,True,CCOCC=O.[OH]>>CCOC[C]=O.O,True,True,False,True,False
298,3089,"[H:20][CH:21](C(=O)C)OC.[OH:10]>>[H:20][OH:10].CC(=O)[CH:21]OC 10-10,20;20,21-10,20;20,21-21",Room Temperature,Propagation,abstraction,True,True,True,COCC(C)=O.[OH]>>CO[CH]C(C)=O.O,True,True,False,True,False
299,3110,"[H:20][C:21](=O)COCCCC.[OH:10]>>[H:20][OH:10].CCCCOC[C:21]=O 10-10,20;20,21-10,20;20,21-21",Room Temperature,Propagation,abstraction,True,True,True,CCCCOCC=O.[OH]>>CCCCOC[C]=O.O,True,True,False,True,False
300,3136,"[H:5][CH:4]([CH2:3][CH2:2][CH3:1])[O:6][CH2:7][C:8](=[O:10])[CH3:9].[H:12][O:11]>>[H:12][O:11][H:5].[CH3:1][CH2:2][CH2:3][CH:4][O:6][CH2:7][C:8](=[O:10])[CH3:9] 11-11,5; 4,5-11,5; 4,5-4",Room Temperature,Propagation,abstraction,True,True,True,CCCCOCC(C)=O.[OH]>>CCC[CH]OCC(C)=O.O,True,True,False,True,False
301,3138,"[H:7][CH:6]([C:8](=[O:10])[CH3:9])[O:5][CH2:4][CH2:3][CH2:2][CH3:1].[H:12][O:11]>>[H:12][O:11][H:7].[CH3:1][CH2:2][CH2:3][CH2:4][O:5][CH:6][C:8](=[O:10])[CH3:9] 6,7-6; 6,7-11,7; 11-11,7",Room Temperature,Propagation,abstraction,True,True,True,CCCCOCC(C)=O.[OH]>>CCCCO[CH]C(C)=O.O,True,True,False,True,False
302,3190,"[H:20][CH2:21]CC(=O)CCC.[OH:10]>>[H:20][OH:10].CCCC(=O)C[CH2:21] 10-10,20;20,21-10,20;20,21-21",Room Temperature,Propagation,abstraction,True,True,True,CCCC(=O)CC.[OH]>>[CH2]CC(=O)CCC.O,True,True,False,True,False
303,3192,"[H:20][CH:21](C(C)C)C(=O)C.[OH:10]>>[H:20][OH:10].CC(C)[CH:21]C(=O)C 10-10,20;20,21-10,20;20,21-21",Room Temperature,Propagation,abstraction,True,True,True,CC(=O)CC(C)C.[OH]>>CC(=O)[CH]C(C)C.O,True,True,False,True,False
304,3351,"[H:20][CH:21]=O.N(=O)[O:10]>>[H:20][O:10]N=O.[CH:21]=O 10-10,20;20,21-10,20;20,21-21",Room Temperature,Propagation,abstraction,True,True,True,C=O.[O]N=O>>[CH]=O.O=NO,True,True,False,True,False
309,3385,"[H:3][C:2]([CH3:1])([CH3:4])[C:5]1=[CH:6][CH:7]=[CH:8][CH:9]=[CH:10]1.[CH3:11][C:12]([CH3:13])([C:16]1=[CH:17][CH:18]=[CH:19][CH:20]=[CH:21]1)[O:14][O:15]>>[H:3][O:15][O:14][C:12]([CH3:11])([CH3:13])[C:16]1=[CH:17][CH:18]=[CH:19][CH:20]=[CH:21]1.[CH3:1][C:2]([CH3:4])[C:5]1=[CH:6][CH:7]=[CH:8][CH:9]=[CH:10]1 3,2-2; 3,2-3,15; 15-3,15",Room Temperature,Propagation,abstraction,True,True,True,CC(C)c1ccccc1.CC(C)(O[O])c1ccccc1>>C[C](C)c1ccccc1.CC(C)(OO)c1ccccc1,True,True,False,True,False
310,3396,"[H:20][O:21]C1=C(C=CC=C1)O.O[O:10]>>[H:20][O:10]O.C1=CC(=C(C=C1)[O:21])O 10-10,20;20,21-10,20;20,21-21",Room Temperature,Propagation,abstraction,True,True,True,Oc1ccccc1O.[O]O>>[O]c1ccccc1O.OO,True,True,False,True,False
311,3397,"[H:20][O:21]C1=C(C=CC=C1)O.CO[O:10]>>[H:20][O:10]OC.C1=CC(=C(C=C1)[O:21])O 10-10,20;20,21-10,20;20,21-21",Room Temperature,Propagation,abstraction,True,True,True,Oc1ccccc1O.CO[O]>>[O]c1ccccc1O.COO,True,True,False,True,False
315,3403,"[H:20][CH:21]1CCC=CC1.C1CC(=O)[N:10]C1=O>>[H:20][N:10]1C(=O)CCC1=O.C1CC=CC[CH:21]1 10-10,20;20,21-10,20;20,21-21",Room Temperature,Propagation,abstraction,True,True,True,C1=CCCCC1.O=C1CCC(=O)[N]1>>[CH]1CC=CCC1.O=C1CCC(=O)N1,True,True,False,True,False
317,3406,"[H:20][CH:21]1CCCO1.CC(C)(C)[O:10]>>[H:20][O:10]C(C)(C)C.C1C[CH:21]OC1 10-10,20;20,21-10,20;20,21-21",Room Temperature,Propagation,abstraction,True,True,True,C1CCOC1.CC(C)(C)[O]>>[CH]1CCCO1.CC(C)(C)O,True,True,False,True,False
318,3415,"[H:20][C:21]1(C2=C(C=CC=C2)C3=CC=CC=C31)C4=CC=CC=C4.CC(C)(C)[O:10]>>[H:20][O:10]C(C)(C)C.C1=CC=C(C=C1)[C:21]2C3=C(C=CC=C3)C4=CC=CC=C42 10-10,20;20,21-10,20;20,21-21",Room Temperature,Propagation,abstraction,True,True,True,c1ccc(C2c3ccccc3-c3ccccc32)cc1.CC(C)(C)[O]>>c1ccc([C]2c3ccccc3-c3ccccc32)cc1.CC(C)(C)O,True,True,False,True,False
322,3442,"[H:20][CH:21](C1=CC=CC=C1)OC(C)(C)C.CC(C)(C)OC(C1=CC=CC=C1)O[O:10]>>[H:20][O:10]OC(C1=CC=CC=C1)OC(C)(C)C.CC(C)(C)O[CH:21]C1=CC=CC=C1 10-10,20;20,21-10,20;20,21-21",Room Temperature,Propagation,abstraction,True,True,True,CC(C)(C)OCc1ccccc1.CC(C)(C)OC(O[O])c1ccccc1>>CC(C)(C)O[CH]c1ccccc1.CC(C)(C)OC(OO)c1ccccc1,True,True,False,True,False
324,3485,"CCCC(C)[C:21]([H:20])=O.CCCC(C)C(O[O:10])=O>>CCCC(C)[C:21]=O.CCCC(C)C(O[O:10][H:20])=O 10-10,20;20,21-10,20;20,21-21",Room Temperature,Propagation,abstraction,True,True,True,CCCC(C)C=O.CCCC(C)C(=O)O[O]>>CCCC(C)[C]=O.CCCC(C)C(=O)OO,True,True,False,True,False
325,3487,"CC(C)(CC1=CC=C(CC)C=C1)[C:1]([H:2])=O.CC(C)(CC2=CC=C(CC)C=C2)C(O[O:3])=O>>CC(C)(CC3=CC=C(CC)C=C3)[C:1]=O.CC(C)(CC4=CC=C(CC)C=C4)C(O[O:3][H:2])=O 3-3,2;2,1-3,2;2,1-1",Room Temperature,Propagation,abstraction,True,True,True,CCc1ccc(CC(C)(C)C=O)cc1.CCc1ccc(CC(C)(C)C(=O)O[O])cc1>>CCc1ccc(CC(C)(C)[C]=O)cc1.CCc1ccc(CC(C)(C)C(=O)OO)cc1,True,True,False,True,False
326,3490,"[H:20][CH:21]1CCCO1.C1CC(OC1)O[O:10]>>[H:20][O:10]OC1CCCO1.C1C[CH:21]OC1 10-10,20;20,21-10,20;20,21-21",Room Temperature,Propagation,abstraction,True,True,True,C1CCOC1.[O]OC1CCCO1>>[CH]1CCCO1.OOC1CCCO1,True,True,False,True,False
327,3492,"CC1CCC([C:10](C)C)C1CC(C(OC)=O)C(OC)=O.[H:21][C:20]([H])(C(OC)=O)C(OC)=O>>CC2CCC([C:10](C)([H:21])C)C2CC(C(OC)=O)C(OC)=O.[H][C:20](C(OC)=O)C(OC)=O 10-10,21;20,21-10,21;20,21-20",Room Temperature,Propagation,abstraction,True,True,True,COC(=O)CC(=O)OC.COC(=O)C(CC1C(C)CCC1[C](C)C)C(=O)OC>>COC(=O)[CH]C(=O)OC.COC(=O)C(CC1C(C)CCC1C(C)C)C(=O)OC,True,True,False,True,False
333,3557,"O[O:3][H:2].[O:1]OC>>O[O:3].[H:2][O:1]OC 1-1,2;3,2-1,2;3,2-3",Room Temperature,Propagation,abstraction,True,True,True,OO.CO[O]>>[O]O.COO,True,True,False,True,False
334,3558,"CO[O:3][H:2].[O:1]O>>CO[O:3].[H:2][O:1]O 1-1,2;3,2-1,2;3,2-3",Room Temperature,Propagation,abstraction,True,True,True,COO.[O]O>>CO[O].OO,True,True,False,True,False
340,3623,"[H:20][C:21]1(OCC(O1)C)C=C.CC1COC(O1)(C=C)O[O:10]>>[H:20][O:10]OC1(OCC(O1)C)C=C.CC1CO[C:21](O1)C=C 10-10,20;20,21-10,20;20,21-21",Room Temperature,Propagation,abstraction,True,True,True,C=CC1OCC(C)O1.C=CC1(O[O])OCC(C)O1>>C=C[C]1OCC(C)O1.C=CC1(OO)OCC(C)O1,True,True,False,True,False
346,3703,"[H:20][CH2:21]C(=O)C.CC1CCC(C1CCC(=O)C)[C:10](C)C>>[H:20][C:10](C)(C)C1CCC(C1CCC(=O)C)C.CC(=O)[CH2:21] 10-10,20;20,21-10,20;20,21-21",Room Temperature,Propagation,abstraction,True,True,True,CC(C)=O.C[C](C)C1CCC(C)C1CCC(C)=O>>[CH2]C(C)=O.CC(=O)CCC1C(C)CCC1C(C)C,True,True,False,True,False
350,3781,"CC(O[CH:20]CC(N1CCCC1=O)CC2COCCO2)=O.[H:10][CH:11]3COCCO3>>CC(O[CH:20]([H:10])CC(N4CCCC4=O)CC5COCCO5)=O.C6OC[CH:11]OC6 20-20,10;10,11-10,20;10,11-11",Room Temperature,Propagation,abstraction,True,True,True,C1COCCO1.CC(=O)O[CH]CC(CC1COCCO1)N1CCCC1=O>>[CH]1COCCO1.CC(=O)OCCC(CC1COCCO1)N1CCCC1=O,True,True,False,True,False
355,3821,"O=C([O:10])C1=CC=CC=C1.CN([CH2:21][H:20])C2=CC=CC=C2>>O=C([O:10][H:20])C3=CC=CC=C3.CN([CH2:21])C4=CC=CC=C4 10-10,20;20,21-10,20;20,21-21",Room Temperature,Propagation,abstraction,True,True,True,CN(C)c1ccccc1.[O]C(=O)c1ccccc1>>[CH2]N(C)c1ccccc1.O=C(O)c1ccccc1,True,True,False,True,False
358,3850,"[H:20][CH:21]1C=CCC=C1.[OH:10]>>[H:20][OH:10].C1C=C[CH:21]C=C1 10-10,20;20,21-10,20;20,21-21",Room Temperature,Propagation,abstraction,True,True,True,C1=CCC=CC1.[OH]>>[CH]1C=CCC=C1.O,True,True,False,True,False
360,3873,"[H:1][CH2:2][C:3]1=[CH:4][CH:5]=[CH:6][CH:7]=[CH:8]1.[OH:9]>>[H:1][OH:9].[CH2:2][C:3]1=[CH:4][CH:5]=[CH:6][CH:7]=[CH:8]1 9-1,9;1,2-1,9;1,2-2",Room Temperature,Propagation,abstraction,True,True,True,Cc1ccccc1.[OH]>>[CH2]c1ccccc1.O,True,True,False,True,False
361,3901,"[H:20][C:21](C)(C)C(=O)C.CC(C)(CC(CC(C[CH:10]N1CCCC1=O)N2CCCC2=O)N3CCCC3=O)C#N>>[H:20][CH:10](CC(CC(CC(C)(C)C#N)N1CCCC1=O)N2CCCC2=O)N3CCCC3=O.C[C:21](C)C(=O)C 10-10,20;20,21-10,20;20,21-21",Room Temperature,Propagation,abstraction,True,True,True,CC(=O)C(C)C.CC(C)(C#N)CC(CC(C[CH]N1CCCC1=O)N1CCCC1=O)N1CCCC1=O>>C[C](C)C(C)=O.CC(C)(C#N)CC(CC(CCN1CCCC1=O)N1CCCC1=O)N1CCCC1=O,True,True,False,True,False
362,3974,"[H:20][CH:21](C)C=O.[OH:10]>>[H:20][OH:10].C[CH:21]C=O 10-10,20;20,21-10,20;20,21-21",Room Temperature,Propagation,abstraction,True,True,True,CCC=O.[OH]>>C[CH]C=O.O,True,True,False,True,False
364,4040,"[H:20][CH:21]1CCC=C1.C1CC(=O)[N:10]C1=O>>[H:20][N:10]1C(=O)CCC1=O.C1C[CH:21]C=C1 10-10,20;20,21-10,20;20,21-21",Room Temperature,Propagation,abstraction,True,True,True,C1=CCCC1.O=C1CCC(=O)[N]1>>[CH]1C=CCC1.O=C1CCC(=O)N1,True,True,False,True,False
365,4049,"[H:20][CH:21]1C2=C(C=CC=C2)C3=CC=CC=C13.C1CC(=O)[N:10]C1=O>>[H:20][N:10]1C(=O)CCC1=O.C1=CC=C2C3=C(C=CC=C3)[CH:21]C2=C1 10-10,20;20,21-10,20;20,21-21",Room Temperature,Propagation,abstraction,True,True,True,c1ccc2c(c1)Cc1ccccc1-2.O=C1CCC(=O)[N]1>>[CH]1c2ccccc2-c2ccccc21.O=C1CCC(=O)N1,True,True,False,True,False
376,4096,"[O:10]C.C[C:21]([H:20])(O)[H]>>C[O:10][H:20].C[C:21](O)[H] 10-10,20; 20,21-10,20;20,21-21",Room Temperature,Propagation,abstraction,True,True,True,CCO.C[O]>>C[CH]O.CO,True,True,False,True,False
380,4126,"[H:20][O:21]C1=C(C(=C2C(=C1C)CCC(O2)(C)C)C)C.[OH:10]>>[H:20][OH:10].CC1=C(C(=C2CCC(OC2=C1C)(C)C)C)[O:21] 10-10,20;20,21-10,20;20,21-21",Room Temperature,Propagation,abstraction,True,True,True,Cc1c(C)c2c(c(C)c1O)CCC(C)(C)O2.[OH]>>Cc1c(C)c2c(c(C)c1[O])CCC(C)(C)O2.O,True,True,False,True,False
398,4207,"[H:34][C:27]([CH2:26][CH:19]([CH3:18])[C:20]1=[CH:21][CH:22]=[CH:23][CH:24]=[CH:25]1)[C:28]2=[CH:29][CH:30]=[CH:31][CH:32]=[CH:33]2.[H:9][C:2]([CH3:1])([CH2:10][CH2:11][C:12]1=[CH:13][CH:14]=[CH:15][CH:16]=[CH:17]1)[C:3]2=[CH:4][CH:5]=[CH:6][CH:7]=[CH:8]2>>[H:34][C:27]([H:9])([CH2:26][CH:19]([CH3:18])[C:20]1=[CH:21][CH:22]=[CH:23][CH:24]=[CH:25]1)[C:28]2=[CH:29][CH:30]=[CH:31][CH:32]=[CH:33]2.[CH3:1][C:2]([CH2:10][CH2:11][C:12]1=[CH:13][CH:14]=[CH:15][CH:16]=[CH:17]1)[C:3]2=[CH:4][CH:5]=[CH:6][CH:7]=[CH:8]2 27-27,9;2,9-9,27;2,9-2",Room Temperature,Propagation,abstraction,True,True,True,CC(CCc1ccccc1)c1ccccc1.CC(C[CH]c1ccccc1)c1ccccc1>>C[C](CCc1ccccc1)c1ccccc1.CC(CCc1ccccc1)c1ccccc1,True,True,False,True,False
489,4547,"[H:19][C:18](=[CH:17][C:2]([H:1])([H:16])[CH:3]=[CH:4][CH2:5][CH:6]=[CH:7][CH2:8][CH:9]=[CH:10][CH2:11][CH2:12][CH2:13][CH2:14][CH3:15])[CH2:20][CH2:21][CH2:22][C:23](=[O:26])[O:24][H:25].[H:27][C:28](=[CH:42][C:43]([H:46])([CH2:47][CH2:48][CH2:49][C:50](=[O:53])[O:51][H:52])[O:44][O:45])[CH:29]=[CH:30][CH2:31][CH:32]=[CH:33][CH2:34][CH:35]=[CH:36][CH2:37][CH2:38][CH2:39][CH2:40][CH3:41]>>[H:19][C:18](=[CH:17][C:2]([H:1])[CH:3]=[CH:4][CH2:5][CH:6]=[CH:7][CH2:8][CH:9]=[CH:10][CH2:11][CH2:12][CH2:13][CH2:14][CH3:15])[CH2:20][CH2:21][CH2:22][C:23](=[O:26])[O:24][H:25].[H:27][C:28](=[CH:42][C:43]([H:46])([CH2:47][CH2:48][CH2:49][C:50](=[O:53])[O:51][H:52])[O:44][O:45][H:16])[CH:29]=[CH:30][CH2:31][CH:32]=[CH:33][CH2:34][CH:35]=[CH:36][CH2:37][CH2:38][CH2:39][CH2:40][CH3:41] 45-45,16;2,16-45,16;2,16-2",Room Temperature,Propagation,abstraction,True,True,True,CCCCCC=CCC=CCC=CCC=CCCCC(=O)O.CCCCCC=CCC=CCC=CC=CC(CCCC(=O)O)O[O]>>CCCCCC=CCC=CCC=C[CH]C=CCCCC(=O)O.CCCCCC=CCC=CCC=CC=CC(CCCC(=O)O)OO,True,True,False,True,False
493,4566,"[H:30][C:29]([H:31])([CH:28]=[CH:27][CH2:26][CH2:25][CH2:24][CH2:23][CH2:22][CH3:21])[CH:32]=[CH:33][CH2:34][CH2:35][CH2:36][CH2:37][CH2:38][CH2:39][C:40](=[O:43])[O:41][CH3:42].[CH3:18][CH2:17][CH2:16][CH2:15][CH2:14][CH2:13][CH2:12][CH2:11][CH:10]=[CH:9][CH:8]=[CH:7][CH:6]([CH2:5][CH2:4][CH2:3][CH2:2][CH3:1])[O:19][O:20]>>[H:30][C:29]([CH:28]=[CH:27][CH2:26][CH2:25][CH2:24][CH2:23][CH2:22][CH3:21])[CH:32]=[CH:33][CH2:34][CH2:35][CH2:36][CH2:37][CH2:38][CH2:39][C:40](=[O:43])[O:41][CH3:42].[H:31][O:20][O:19][CH:6]([CH2:5][CH2:4][CH2:3][CH2:2][CH3:1])[CH:7]=[CH:8][CH:9]=[CH:10][CH2:11][CH2:12][CH2:13][CH2:14][CH2:15][CH2:16][CH2:17][CH3:18] 20-31,20;31,29-31,20;31,29-29",Room Temperature,Propagation,abstraction,True,True,True,CCCCCCC=CCC=CCCCCCCC(=O)OC.CCCCCCCCC=CC=CC(CCCCC)O[O]>>CCCCCCC=C[CH]C=CCCCCCCC(=O)OC.CCCCCCCCC=CC=CC(CCCCC)OO,True,True,False,True,False
494,4569,"[H:4][C:3]([H:5])([CH:2]=[CH2:1])[CH:6]=[CH2:7].[CH3:8][CH2:9][CH2:10][CH2:11][CH2:12][CH2:13][CH2:14][CH2:15][CH:16]=[CH:17][CH:18]=[CH:19][CH:20]([CH2:21][CH2:22][CH2:23][CH2:24][CH3:25])[O:26][O:27]>>[H:4][C:3]([CH:2]=[CH2:1])[CH:6]=[CH2:7].[H:5][O:27][O:26][CH:20]([CH2:21][CH2:22][CH2:23][CH2:24][CH3:25])[CH:19]=[CH:18][CH:17]=[CH:16][CH2:15][CH2:14][CH2:13][CH2:12][CH2:11][CH2:10][CH2:9][CH3:8] 27-27,5;5,3-27,5;5,3-3",Room Temperature,Propagation,abstraction,True,True,True,C=CCC=C.CCCCCCCCC=CC=CC(CCCCC)O[O]>>C=C[CH]C=C.CCCCCCCCC=CC=CC(CCCCC)OO,True,True,False,True,False
495,4572,"[H:22][C:14]([CH3:13])([CH3:23])[O:15][C:16]1=[CH:17][CH:18]=[CH:19][CH:20]=[CH:21]1.[CH3:1][C:2]([CH3:12])([O:5][C:6]1=[CH:7][CH:8]=[CH:9][CH:10]=[CH:11]1)[O:3][O:4]>>[H:22][O:4][O:3][C:2]([CH3:1])([CH3:12])[O:5][C:6]1=[CH:7][CH:8]=[CH:9][CH:10]=[CH:11]1.[CH3:13][C:14]([CH3:23])[O:15][C:16]1=[CH:17][CH:18]=[CH:19][CH:20]=[CH:21]1 4-4,22;22,14-22,4;14,22-14",Room Temperature,Propagation,abstraction,True,True,True,CC(C)Oc1ccccc1.CC(C)(O[O])Oc1ccccc1>>C[C](C)Oc1ccccc1.CC(C)(OO)Oc1ccccc1,True,True,False,True,False
496,4574,"[H:20][CH2:21]C1=CC=CC=C1.[CH3:10]>>[H:20][CH3:10].[CH2:21]C1=CC=CC=C1 10-10,20;20,21-10,20;20,21-21",Room Temperature,Propagation,abstraction,True,True,True,Cc1ccccc1.[CH3]>>[CH2]c1ccccc1.C,True,True,False,True,False
497,4580,"[H:20][C:21](C)(C)C1=CC=CC=C1.[CH3:10]>>[H:20][CH3:10].C[C:21](C)C1=CC=CC=C1 10-10,20;20,21-10,20;20,21-21",Room Temperature,Propagation,abstraction,True,True,True,CC(C)c1ccccc1.[CH3]>>C[C](C)c1ccccc1.C,True,True,False,True,False
501,4602,"[H:11][CH2:10][CH:9]=[CH2:8].[CH2:3]1[CH2:4][C:6](=[O:7])[N:5][C:2]1=[O:1]>>[H:11][N:5]1[C:2](=[O:1])[CH2:3][CH2:4][C:6]1=[O:7].[CH2:8]=[CH:9][CH2:10] 5-5,11; 10,11-5,11; 10,11-10",Room Temperature,Propagation,abstraction,True,True,True,C=CC.O=C1CCC(=O)[N]1>>[CH2]C=C.O=C1CCC(=O)N1,True,True,False,True,False
508,4621,"[H:4][C:2]([CH3:1])([CH3:3])[CH3:5].[CH3:6][C:7]([CH3:8])([CH3:10])[O:9]>>[H:4][O:9][C:7]([CH3:6])([CH3:8])[CH3:10].[CH3:1][C:2]([CH3:3])[CH3:5] 9-9,4;2,4-4,9;2,4-2",Room Temperature,Propagation,abstraction,True,True,True,CC(C)C.CC(C)(C)[O]>>C[C](C)C.CC(C)(C)O,True,True,False,True,False
512,4634,"[H:20][CH:21]1CCC2=C1C=CC=C2.C1CC(=O)[N:10]C1=O>>[H:20][N:10]1C(=O)CCC1=O.C1CC2=C([CH:21]1)C=CC=C2 10-10,20;20,21-10,20;20,21-21",Room Temperature,Propagation,abstraction,True,True,True,c1ccc2c(c1)CCC2.O=C1CCC(=O)[N]1>>[CH]1CCc2ccccc21.O=C1CCC(=O)N1,True,True,False,True,False
513,4638,"[H:6][C:5](=[O:7])[CH2:4][CH2:3][CH:2]([CH3:1])[CH3:8].[CH:10]1=[CH:9][CH:14]=[C:13][CH:12]=[CH:11]1>>[H:6][C:9]1=[CH:10][CH:11]=[CH:12][CH:13]=[CH:14]1.[CH3:1][CH:2]([CH3:8])[CH2:3][CH2:4][C:5]=[O:7] 6,5-5;13-6,13;5,6-13,6",Room Temperature,Propagation,abstraction,True,True,True,CC(C)CCC=O.[c]1ccccc1>>CC(C)CC[C]=O.c1ccccc1,True,True,False,True,False
514,4639,"[H:5][C:4]([H:6])[CH2:3][CH:2]([CH3:1])[CH3:7].[H:13][C:12](=[O:14])[CH2:11][CH2:10][CH:9]([CH3:8])[CH3:15]>>[H:5][C:4]([H:6])([H:13])[CH2:3][CH:2]([CH3:1])[CH3:7].[CH3:8][CH:9]([CH3:15])[CH2:10][CH2:11][C:12]=[O:14] 13,12-12;4-4,13;12,13-4,13",Room Temperature,Propagation,abstraction,True,True,True,CC(C)CCC=O.[CH2]CC(C)C>>CC(C)CC[C]=O.CCC(C)C,True,True,False,True,False
521,4696,"[H:13][C:12]([H:14])[CH2:11][CH2:10][CH3:9].[H:5][C:4]([H:6])([CH2:7][CH3:8])[CH2:3][CH2:2][CH3:1]>>[H:5][C:4]([CH2:7][CH3:8])[CH2:3][CH2:2][CH3:1].[H:13][C:12]([H:14])([H:6])[CH2:11][CH2:10][CH3:9] 12-12,6;4,6-12,6;4,6-4",Room Temperature,Propagation,abstraction,True,True,True,CCCCCC.[CH2]CCC>>CC[CH]CCC.CCCC,True,True,False,True,False
524,4701,"[H:20][O:21]C1=C(C=C(C=C1)OC)C(C)(C)C.[OH:10]>>[H:20][OH:10].CC(C)(C)C1=C(C=CC(=C1)OC)[O:21] 10-10,20;20,21-10,20;20,21-21",Room Temperature,Propagation,abstraction,True,True,True,COc1ccc(O)c(C(C)(C)C)c1.[OH]>>COc1ccc([O])c(C(C)(C)C)c1.O,True,True,False,True,False
534,4765,"[H:5][O:6].[H:1][O:2][O:3][H:4]>>[H:5][O:6][H:4].[H:1][O:2][O:3] 6-6,4; 3,4-3; 3,4-6,4",Room Temperature,Propagation,abstraction,True,True,True,OO.[OH]>>[O]O.O,True,True,False,True,False
535,4772,"[H:1][C:2]([H:3])([H:7])[O:4][O:5][H:6].[H:8][O:9]>>[H:1][C:2]([H:3])([H:7])[O:4][O:5].[H:8][O:9][H:6] 9-9,6; 5,6-9,6; 5,6-5",Room Temperature,Propagation,abstraction,True,True,True,COO.[OH]>>CO[O].O,True,True,False,True,False
536,4773,"[H:1][C:2]([H:3])([H:7])[O:4][O:5][H:6].[H:8][O:9]>>[H:1][C:2]([H:3])[O:4][O:5][H:6].[H:8][O:9][H:7] 9-9,7; 2,7-9,7; 2,7-2",Room Temperature,Propagation,abstraction,True,True,True,COO.[OH]>>[CH2]OO.O,True,True,False,True,False
539,4923,"[H:11][O:10].[H:6][O:5][O:4][C:3]([CH3:9])([CH2:2][OH:1])[CH:7]=[CH2:8]>>[H:11][O:10][H:6].[CH3:9][C:3]([CH2:2][OH:1])([CH:7]=[CH2:8])[O:4][O:5] 10-10,6; 5,6-10,6; 5,6-5",Room Temperature,Propagation,abstraction,True,True,True,C=CC(C)(CO)OO.[OH]>>C=CC(C)(CO)O[O].O,True,True,False,True,False
540,4924,"[H:3][C:2]([H:4])([C:5]([CH3:11])([CH:9]=[CH2:10])[O:6][O:7][H:8])[OH:1].[H:13][O:12]>>[H:3][C:2]([C:5]([CH3:11])([CH:9]=[CH2:10])[O:6][O:7][H:8])[OH:1].[H:13][O:12][H:4] 12-12,4; 2,4-12,4; 2,4-2",Room Temperature,Propagation,abstraction,True,True,True,C=CC(C)(CO)OO.[OH]>>C=CC(C)([CH]O)OO.O,True,True,False,True,False
541,4926,"[H:5][C:4]([H:6])([C:3]([H:8])([C:2](=[CH2:1])[CH3:12])[O:9][O:10][H:11])[OH:7].[H:14][O:13]>>[H:5][C:4]([H:6])([C:3]([H:8])([C:2](=[CH2:1])[CH3:12])[O:9][O:10])[OH:7].[H:14][O:13][H:11] 13-13,11; 10,11-13,11; 10,11-10",Room Temperature,Propagation,abstraction,True,True,True,C=C(C)C(CO)OO.[OH]>>C=C(C)C(CO)O[O].O,True,True,False,True,False
542,4927,"[H:5][C:4]([H:6])([C:3]([H:8])([C:2](=[CH2:1])[CH3:12])[O:9][O:10][H:11])[OH:7].[H:14][O:13]>>[H:5][C:4]([C:3]([H:8])([C:2](=[CH2:1])[CH3:12])[O:9][O:10][H:11])[OH:7].[H:14][O:13][H:6] 13-13,6; 4,6-13,6; 4,6-4",Room Temperature,Propagation,abstraction,True,True,True,C=C(C)C(CO)OO.[OH]>>C=C(C)C([CH]O)OO.O,True,True,False,True,False
543,4929,"[H:10][O:11].[H:9][O:8][O:7][CH2:6][CH:5]=[C:2]([CH3:1])[CH2:3][OH:4]>>[H:10][O:11][H:9].[CH3:1][C:2](=[CH:5][CH2:6][O:7][O:8])[CH2:3][OH:4] 11-11,9; 8,9-11,9; 8,9-8",Room Temperature,Propagation,abstraction,True,True,True,CC(=CCOO)CO.[OH]>>CC(=CCO[O])CO.O,True,True,False,True,False
544,4930,"[H:7][C:6]([H:11])([CH:5]=[C:2]([CH3:1])[CH2:3][OH:4])[O:8][O:9][H:10].[H:12][O:13]>>[H:7][C:6]([CH:5]=[C:2]([CH3:1])[CH2:3][OH:4])[O:8][O:9][H:10].[H:12][O:13][H:11] 13-11,13; 11,6-11,13; 11,6-6",Room Temperature,Propagation,abstraction,True,True,True,CC(=CCOO)CO.[OH]>>CC(=C[CH]OO)CO.O,True,True,False,True,False
545,4931,"[H:9][C:8]([H:10])([CH:7]=[C:2]([CH3:1])[C:3]([H:4])([H:5])[OH:6])[O:11][O:12][H:13].[H:14][O:15]>>[H:4][C:3]([C:2](=[CH:7][C:8]([H:9])([H:10])[O:11][O:12][H:13])[CH3:1])[OH:6].[H:14][O:15][H:5] 15-15,5; 3,5-15,5; 3,5-3",Room Temperature,Propagation,abstraction,True,True,True,CC(=CCOO)CO.[OH]>>CC([CH]O)=CCOO.O,True,True,False,True,False
546,4961,"[H:11][O:10].[H:9][O:8][O:7][CH2:6][CH:5]=[C:3]([CH3:4])[CH:2]=[O:1]>>[H:11][O:10][H:9].[CH3:4][C:3](=[CH:5][CH2:6][O:7][O:8])[CH:2]=[O:1] 10-9,10;8,9-9,10;8,9-8",Room Temperature,Propagation,abstraction,True,True,True,CC(C=O)=CCOO.[OH]>>CC(C=O)=CCO[O].O,True,True,False,True,False
547,4967,"[H:20][C:21](CC)(CC)O.[OH:10]>>[H:20][OH:10].CC[C:21](CC)O 10-10,20;20,21-10,20;20,21-21",Room Temperature,Propagation,abstraction,True,True,True,CCC(O)CC.[OH]>>CC[C](O)CC.O,True,True,False,True,False
548,4969,"[H:6][C:5]([H:7])([H:8])[CH2:4][CH:3]([CH2:2][CH3:1])[OH:9].[H:11][O:10]>>[H:6][C:5]([H:7])[CH2:4][CH:3]([CH2:2][CH3:1])[OH:9].[H:11][O:10][H:8] 5,7-7,10; 5,7-5; 10-10,7",Room Temperature,Propagation,abstraction,True,True,True,CCC(O)CC.[OH]>>[CH2]CC(O)CC.O,True,True,False,True,False
549,4971,"[H:5][C:4]([H:7])([CH3:6])[CH:3]([CH2:2][CH3:1])[OH:8].[H:10][O:9]>>[H:5][C:4]([CH3:6])[CH:3]([CH2:2][CH3:1])[OH:8].[H:10][O:9][H:7] 7,4-4; 7,4-7,9; 9-9,7",Room Temperature,Propagation,abstraction,True,True,True,CCC(O)CC.[OH]>>C[CH]C(O)CC.O,True,True,False,True,False
551,4986,"[H:20][C:21](=O)/C=C/C.[OH:10]>>[H:20][OH:10].C/C=C/[C:21]=O 10-10,20;20,21-10,20;20,21-21",Room Temperature,Propagation,abstraction,True,True,True,C/C=C/C=O.[OH]>>C/C=C/[C]=O.O,True,True,False,True,False
552,4992,"[H:20][CH2:21]CCCCC.[OH:10]>>[H:20][OH:10].CCCCC[CH2:21] 10-10,20;20,21-10,20;20,21-21",Room Temperature,Propagation,abstraction,True,True,True,CCCCCC.[OH]>>[CH2]CCCCC.O,True,True,False,True,False
553,4995,"[H:20][CH:21](C)CCCC.[OH:10]>>[H:20][OH:10].CCCC[CH:21]C 10-10,20;20,21-10,20;20,21-21",Room Temperature,Propagation,abstraction,True,True,True,CCCCCC.[OH]>>C[CH]CCCC.O,True,True,False,True,False
554,4998,"[H:20][CH:21](CC)CCC.[OH:10]>>[H:20][OH:10].CCC[CH:21]CC 10-10,20;20,21-10,20;20,21-21",Room Temperature,Propagation,abstraction,True,True,True,CCCCCC.[OH]>>CC[CH]CCC.O,True,True,False,True,False
555,5000,"[H:20][CH:21](CC)CCCCCCC.[OH:10]>>[H:20][OH:10].CCCCCCC[CH:21]CC 10-10,20;20,21-10,20;20,21-21",Room Temperature,Propagation,abstraction,True,True,True,CCCCCCCCCC.[OH]>>CC[CH]CCCCCCC.O,True,True,False,True,False
557,5003,"[H:20][CH:21](CC)CCCCCCCC.[OH:10]>>[H:20][OH:10].CCCCCCCC[CH:21]CC 10-10,20;20,21-10,20;20,21-21",Room Temperature,Propagation,abstraction,True,True,True,CCCCCCCCCCC.[OH]>>CC[CH]CCCCCCCC.O,True,True,False,True,False
563,5043,"[H:20][CH:21](CC)OC(=O)C.[OH:10]>>[H:20][OH:10].CC[CH:21]OC(=O)C 10-10,20;20,21-10,20;20,21-21",Room Temperature,Propagation,abstraction,True,True,True,CCCOC(C)=O.[OH]>>CC[CH]OC(C)=O.O,True,True,False,True,False
564,5044,"[H:20][CH:21](C)COC(=O)C.[OH:10]>>[H:20][OH:10].C[CH:21]COC(=O)C 10-10,20;20,21-10,20;20,21-21",Room Temperature,Propagation,abstraction,True,True,True,CCCOC(C)=O.[OH]>>C[CH]COC(C)=O.O,True,True,False,True,False
565,5047,"[H:20][CH2:21]C(C)OC(=O)C.[OH:10]>>[H:20][OH:10].CC([CH2:21])OC(=O)C 10-10,20;20,21-10,20;20,21-21",Room Temperature,Propagation,abstraction,True,True,True,CC(=O)OC(C)C.[OH]>>[CH2]C(C)OC(C)=O.O,True,True,False,True,False
566,5048,"[H:20][C:21](C)(C)OC(=O)C.[OH:10]>>[H:20][OH:10].C[C:21](C)OC(=O)C 10-10,20;20,21-10,20;20,21-21",Room Temperature,Propagation,abstraction,True,True,True,CC(=O)OC(C)C.[OH]>>C[C](C)OC(C)=O.O,True,True,False,True,False
568,5053,"[H:20][CH:21](CCC)OCC(C)O.[OH:10]>>[H:20][OH:10].CCC[CH:21]OCC(C)O 10-10,20;20,21-10,20;20,21-21",Room Temperature,Propagation,abstraction,True,True,True,CCCCOCC(C)O.[OH]>>CCC[CH]OCC(C)O.O,True,True,False,True,False
570,5056,"[H:20][CH:21](C(C)O)OCCCC.[OH:10]>>[H:20][OH:10].CCCCO[CH:21]C(C)O 10-10,20;20,21-10,20;20,21-21",Room Temperature,Propagation,abstraction,True,True,True,CCCCOCC(C)O.[OH]>>CCCCO[CH]C(C)O.O,True,True,False,True,False
571,5057,"[H:20][C:21](C)(COCCCC)O.[OH:10]>>[H:20][OH:10].CCCCOC[C:21](C)O 10-10,20;20,21-10,20;20,21-21",Room Temperature,Propagation,abstraction,True,True,True,CCCCOCC(C)O.[OH]>>CCCCOC[C](C)O.O,True,True,False,True,False
572,5059,"[H:20][CH:21](C(=O)C)O.[OH:10]>>[H:20][OH:10].CC(=O)[CH:21]O 10-10,20;20,21-10,20;20,21-21",Room Temperature,Propagation,abstraction,True,True,True,CC(=O)CO.[OH]>>CC(=O)[CH]O.O,True,True,False,True,False
574,5063,"[H:20][C:21](=O)C(C)O.[OH:10]>>[H:20][OH:10].CC([C:21]=O)O 10-10,20;20,21-10,20;20,21-21",Room Temperature,Propagation,abstraction,True,True,True,CC(O)C=O.[OH]>>CC(O)[C]=O.O,True,True,False,True,False
575,5222,"[H:20][O:21]C1=CC=CC=C1.O[O:10]>>[H:20][O:10]O.C1=CC=C(C=C1)[O:21] 10-10,20;20,21-10,20;20,21-21",Room Temperature,Propagation,abstraction,True,True,True,Oc1ccccc1.[O]O>>[O]c1ccccc1.OO,True,True,False,True,False
576,5224,"CCCCC(CC)[C:21]([H:20])=O.CCCCC(CC)C(O[O:10])=O>>CCCCC(CC)[C:21]=O.CCCCC(CC)C(O[O:10][H:20])=O 10-10,20;20,21-10,20;20,21-21",Room Temperature,Propagation,abstraction,True,True,True,CCCCC(C=O)CC.CCCCC(CC)C(=O)O[O]>>CCCCC([C]=O)CC.CCCCC(CC)C(=O)OO,True,True,False,True,False
577,5226,"[H:20][CH:21]1CCCO1.CO[O:10]>>[H:20][O:10]OC.C1C[CH:21]OC1 10-10,20;20,21-10,20;20,21-21",Room Temperature,Propagation,abstraction,True,True,True,C1CCOC1.CO[O]>>[CH]1CCCO1.COO,True,True,False,True,False
578,5230,"[H:20][O:21]C1=C(C(=O)OC1C(CO)O)O.[OH:10]>>[H:20][OH:10].C(C(C1C(=C(C(=O)O1)O)[O:21])O)O 10-10,20;20,21-10,20;20,21-21",Room Temperature,Propagation,abstraction,True,True,True,O=C1OC(C(O)CO)C(O)=C1O.[OH]>>[O]C1=C(O)C(=O)OC1C(O)CO.O,True,True,False,True,False
579,5251,"[H:20][CH2:21]C=C(C)C.[OH:10]>>[H:20][OH:10].CC(=C[CH2:21])C 10-10,20;20,21-10,20;20,21-21",Room Temperature,Propagation,abstraction,True,True,True,CC=C(C)C.[OH]>>[CH2]C=C(C)C.O,True,True,False,True,False
583,5298,"[H:1][C:2]1([CH2:4][CH2:5][CH2:6][CH2:7]1)[H:3].[H:9][O:8]>>[H:1][C:2]1[CH2:4][CH2:5][CH2:6][CH2:7]1.[H:9][O:8][H:3] 8-8,3;2,3-8,3;2,3-2",Room Temperature,Propagation,abstraction,True,True,True,C1CCCC1.[OH]>>[CH]1CCCC1.O,True,True,False,True,False
